sample_id_int,cell_id,Area,CD3_Mean,CD8_Mean,CD19_Mean,CD68_Mean,CK_Mean,CD3 (Opal 540) Mean,CD8 (Opal 650) Mean,CD19 (Opal 480) Mean,CD68 (Opal 520) Mean,CK (Opal 780) Mean,IER3 (Opal 620) Mean, pStat3 (Opal 570) Mean, Ki67 (Opal 690) Mean, Dapi (DAPI) Mean,tsne_1,tsne_2,cell_type_inform_int,cell_type_manual_int,cell_type_auto_int,cell_type_FlowSOM_QC
1,1918,364,0,0.0001499,0.106,0.0002949,0,0.188,0.627,0.247,1.055,0.134,0.121,0.104,0.13,7.556,8.245989,15.445698,1,1,1,6
2,327,241,0,1.57E-05,0.073,0.02,0,0.128,0.409,0.176,1.735,0.113,0.09,0.08,0.105,13.828,35.192993,5.0404215,1,6,6,6
2,365,209,0.001,0.043,0.115,0.000906,0,0.178,0.684,0.185,1.239,0.104,0.048,0.042,0.086,18.161,13.02041,17.55355,1,1,1,6
2,1198,174,0,0,0.161,0,0,0.074,0.369,0.217,0.476,0.118,0.062,0.054,0.096,5.457,-17.246637,27.57854,1,1,1,6
2,1203,170,0,0,0.155,0,0,0.099,0.33,0.162,0.562,0.117,0.075,0.067,0.13,5.598,-17.358889,27.581331,1,1,1,6
5,72,38,0,0,0.03,0,0.002,0.104,0.129,0.239,0.392,0.209,0.044,0.015,0.756,4.904,-43.52506,15.879901,1,6,6,6
12,672,229,0,0,0.158,0.0001141,0,0.076,0.188,0.276,0.705,0.143,0.027,0.041,0.054,7.505,-15.676735,6.736416,1,1,1,6
1,1786,123,0.078,0,0,0,0.007,0.391,0.284,0,0.594,0.192,0.06,0.056,0.071,3.566,-22.782137,28.277985,2,6,6,6
2,20,179,0.086,0.005,0,0,0,0.612,0.364,0,0.403,0.107,0.061,0.069,0.098,3.818,-24.564322,29.720873,2,6,6,6
2,65,119,0.048,0,0,0,0,0.42,0.287,0,0.405,0.114,0.064,0.048,0.088,3.707,-25.609148,29.27793,2,6,6,6
2,307,228,0.135,5.27E-05,0.011,0.11,0,0.67,0.57,0.001,3.588,0.114,0.19,0.1,0.171,8.917,33.645958,41.29247,2,2,4,6
2,361,371,0.058,0,2.89E-05,0.005,0,0.482,0.284,0.002,0.676,0.107,0.086,0.06,0.08,7.416,-0.70449823,7.1125035,2,6,6,6
2,463,290,0.081,0.0001018,0,0,0,0.473,0.283,0,0.499,0.109,0.064,0.039,0.054,5.553,-24.28226,29.363495,2,6,6,6
2,672,395,0.08,0,0,0.004,0.0004223,0.458,0.343,0.002,1.682,0.133,0.091,0.135,0.088,5.838,26.870249,7.757146,2,6,6,6
2,819,225,0.041,0,0,0,0,0.346,0.253,0,0.366,0.106,0.066,0.039,0.081,9.16,-28.175163,28.605877,2,6,6,6
2,930,294,0.095,0.001,0.008,0.000262,0.054,0.474,0.57,0.053,1.254,0.235,0.174,0.135,0.112,10.513,14.90204,16.049053,2,6,6,6
2,982,208,0.08,0,0,1.22E-05,0,0.484,0.338,0,0.609,0.116,0.063,0.073,0.083,1.951,-22.980875,29.559359,2,6,6,6
2,1262,308,0.064,0,0,7.39E-05,0,0.583,0.279,0,0.751,0.117,0.105,0.063,0.078,4.429,-0.22740737,7.4697285,2,6,6,6
3,1437,384,0.075,9.91E-05,0,0,0,0.339,0.236,0,0.334,0.109,0.075,0.074,0.088,6.718,-28.576294,28.820894,2,6,6,6
5,1668,231,0.048,0,2.19E-05,0.004,0,0.573,0.109,0.002,2.048,0.123,0.06,0.035,0.114,7.756,41.16567,11.529563,2,6,6,6
5,2713,204,0.178,0,0.000101,0.127,0,0.588,0.156,0.009,6.402,0.132,0.042,0.092,0.098,5.633,64.40317,14.468301,2,2,4,6
6,974,333,0.039,0,0,0,0,0.291,0.127,0,2.267,0.127,0.042,0.043,0.082,4.978,41.101837,16.785976,2,6,6,6
6,1238,166,0.083,0.0008409,9.89E-05,0.000215,0,0.543,0.335,0.001,1.559,0.112,0.05,0.053,2.353,9.478,25.21078,8.83233,2,6,6,6
6,1645,260,0.103,0,3.39E-05,0.087,0.001,0.445,0.136,0.004,2.954,0.161,0.049,0.079,0.054,3.352,40.878506,28.929853,2,2,4,6
7,88,103,0.201,0.025,0,0.168,0,0.796,0.831,0.004,3.881,0.117,0.142,0.081,0.222,6.007,28.445915,40.397247,2,2,4,6
7,674,144,0.149,1.76E-05,0,0.178,0,0.633,0.634,0,5.876,0.116,0.095,0.097,0.342,3.66,59.502937,17.524294,2,2,4,6
7,1449,223,0.07,0.0009408,1.13E-05,0.0003079,0,0.452,0.724,0,0.937,0.101,0.081,0.054,0.226,7.736,-3.1479332,38.639652,2,6,6,6
7,1544,263,0.089,0.015,4.81E-06,0,0,0.585,0.787,0,0.791,0.107,0.091,0.084,0.205,7.941,-3.250149,39.756664,2,6,6,6
7,1572,187,0.147,4.74E-05,0,0.153,0,0.808,0.769,0,3.418,0.103,0.137,0.049,0.268,10.329,28.3248,39.431194,2,2,4,6
8,578,287,0.171,9.70E-05,4.40E-05,0.137,0,0.704,0.683,0,4.4,0.086,0.113,0.296,0.266,12.421,53.229836,30.11377,2,2,4,6
8,594,283,0.077,0.093,0,0,0,0.472,1.06,0,0.705,0.092,0.088,0.111,0.263,4.894,3.7290432,38.015125,2,3,3,6
8,631,243,0.129,0,0,0.117,0,0.657,0.471,0,3.811,0.087,0.129,0.105,0.199,3.877,48.912037,36.187492,2,2,4,6
8,655,231,0.077,0.042,2.19E-05,0.196,0,0.576,1.452,0,3.908,0.105,0.106,0.077,0.212,4.971,30.67752,41.428833,2,4,4,6
8,836,253,0.072,0.0001362,0.003,0.164,0,0.502,0.849,0.001,5.77,0.11,0.22,0.09,0.341,11.055,58.989155,18.20283,2,4,4,6
11,99,139,0.066,0,0.0009035,0,0.045,0.401,0.197,0.017,0.493,0.267,0.048,0.319,0.039,3.938,-33.18011,8.196783,2,6,6,6
7,1010,192,0.13,0.193,0,0,0.044,0.665,1.631,0,0.864,0.183,0.107,0.559,0.154,4.399,8.884597,40.539173,3,3,3,6
8,368,180,0.116,0.153,0,0.031,0,0.744,2.031,0,1.584,0.084,0.145,0.076,0.267,12.74,13.636668,41.10245,3,3,3,6
8,772,362,0.126,0.194,1.75E-05,0.034,0,0.55,1.705,0,2.19,0.098,0.12,0.195,0.208,7.344,19.06725,30.865446,3,3,3,6
11,963,308,0,0.0005026,0.008,0.148,0.002,0.129,0.412,0.001,7.773,0.219,0.035,0.117,0.065,5.875,61.986584,3.3042274,4,4,4,6
1,915,425,0,7.13E-05,0.0002127,0.128,0.0001312,0.3,0.915,0.001,6.835,0.164,0.402,0.161,0.193,3.71,59.514633,12.146389,4,4,4,6
1,635,523,0,0,0,0.129,2.42E-06,0.148,0.576,0,6.943,0.163,0.15,0.156,0.122,3.608,60.641674,11.064733,4,4,4,6
6,932,605,0,0,4.70E-05,0.149,0,0.089,0.163,0,6.865,0.125,0.031,0.068,0.944,4.847,63.50893,10.283251,4,4,4,6
5,2287,291,0.0008766,0,0.0001519,0.148,0,0.129,0.246,0.003,9.263,0.13,0.039,0.087,1.903,4.853,61.41539,-6.0000715,4,4,4,6
5,2760,494,5.70E-05,0,0.002,0.148,0,0.145,0.177,0.002,6.883,0.133,0.057,0.075,0.325,6.804,63.458652,10.195665,4,4,4,6
8,799,465,0.031,0.000115,0,0.145,0,0.333,0.754,0,6.159,0.123,0.103,0.212,0.388,7.363,59.788326,15.774909,4,4,4,6
5,2279,205,0.119,0,0,0.144,0,0.392,0.167,0.002,8.903,0.129,0.034,0.115,0.143,5.912,61.366375,-3.949369,4,4,4,6
4,580,408,0.014,0.016,0.004,0.141,0,0.25,0.329,0.004,6.387,0.126,0.07,0.109,0.065,7.822,63.567394,14.257687,4,4,4,6
5,2460,387,0.062,2.29E-05,1.31E-05,0.136,0,0.359,0.17,0.002,6.348,0.127,0.048,0.082,0.056,7.122,64.10795,14.66236,4,4,4,6
6,235,308,0.01,0.001,0,0.122,0,0.291,0.326,0.002,7.834,0.12,0.035,0.147,0.102,4.543,61.898636,2.7751248,4,4,6,6
7,602,192,0.013,0.127,0,0.115,0,0.333,1.488,0.001,6.924,0.143,0.121,0.177,0.385,7.402,58.042103,12.918897,4,4,3,6
5,2212,312,0.0002141,0,0,0.114,0,0.162,0.157,0,8.081,0.128,0.044,0.071,0.049,5.819,61.73287,1.1133295,4,4,6,6
5,2543,259,0.0008218,0.0001495,0,0.103,0,0.107,0.156,0.001,7.439,0.124,0.031,0.063,0.045,3.336,62.901436,5.8741736,4,4,6,6
5,2233,549,0.003,0.002,5.14E-05,0.099,0,0.129,0.334,0.004,7.161,0.13,0.042,0.104,0.635,4.185,62.637257,7.6905465,4,6,6,6
6,248,148,1.71E-05,0,0,0.099,0,0.132,0.179,0,8.818,0.127,0.036,0.099,0.09,5.462,61.3894,-3.5344443,4,6,6,6
6,1436,196,0,0,0,0.098,0,0.103,0.133,0.001,11.433,0.123,0.032,0.092,0.075,2.969,61.076824,-15.083079,4,6,6,6
5,2288,482,0.025,0.001,0,0.072,0,0.357,0.409,0,5.824,0.127,0.059,0.107,0.048,5.795,61.570236,18.329956,4,6,6,6
5,2141,577,0.01,0.006,6.58E-06,0.07,0,0.188,0.253,0.001,6.024,0.128,0.055,0.087,0.053,6.005,63.93852,17.393192,4,6,6,6
5,2332,567,0.061,0,0,0.056,0,0.262,0.146,0.001,5.766,0.13,0.068,0.072,0.051,5.483,63.988796,19.9678,4,6,4,6
6,983,232,0,0,6.12E-05,0.035,0,0.088,0.141,0.002,10.396,0.122,0.025,0.108,0.076,3.202,61.25093,-11.166831,4,6,6,6
6,2089,764,0.0002597,0,6.61E-06,0.03,0,0.106,0.151,0.001,5.488,0.128,0.032,0.081,0.07,5.32,62.890083,23.210049,4,6,6,6
6,997,252,0,0,0,0.02,0,0.128,0.132,0,8.333,0.124,0.038,0.08,0.784,4.601,61.429943,-0.52055025,4,6,6,6
6,921,303,4.17E-06,0,1.25E-05,0.012,0,0.202,0.192,0,6.848,0.129,0.047,0.083,0.333,5.928,63.474377,10.46712,4,6,6,6
1,24,142,0,0.0001611,0,0,0.043,0.314,0.66,0,1.33,0.584,0.252,0.154,0.116,1.888,13.807182,23.380207,5,6,6,6
1,138,364,0,0,0,0.0002498,0.078,0.29,0.477,0,1.305,0.253,0.168,0.282,1.548,9.21,15.848274,14.661527,5,6,6,6
1,153,61,0,0.0003289,0.019,0.004,0.044,0.162,0.567,0.008,1.224,0.227,0.16,0.226,2.124,5.909,13.029561,16.874832,5,6,6,6
1,170,708,2.76E-05,0.004,0,0.003,0.019,0.405,0.632,0,1.927,0.284,0.302,0.584,0.176,6.066,22.75808,22.019156,5,6,6,6
1,273,709,0,0,0,1.31E-05,0.03,0.234,0.431,0,1.183,0.248,0.401,0.085,0.365,3.223,17.025467,-2.5003364,5,6,6,6
1,321,146,0,0,0,3.46E-05,0.022,0.314,0.622,0.001,1.483,0.222,0.316,0.122,6.003,4.898,17.199299,20.208824,5,6,6,6
1,333,143,0,0,0,6.86E-05,0.013,0.252,0.528,0,1.323,0.211,0.296,0.165,5.565,4.71,15.210213,15.125364,5,6,6,6
1,336,506,0,0,0,4.96E-05,0.058,0.217,0.457,0,1.531,0.314,0.233,0.123,0.166,4.984,40.49117,-9.748916,5,6,6,6
1,343,229,0,0.002,0.000316,0.0003626,0.051,0.32,0.876,0.001,1.742,0.338,0.836,0.254,7.472,3.594,18.136875,24.840847,5,6,6,6
1,369,106,0,0,0,0.000131,0.04,0.235,0.436,0,0.915,0.213,0.122,0.157,0.122,4.492,8.266755,10.487059,5,6,6,6
1,422,386,0,0,0,0.131,0.081,0.208,0.502,0,4.592,0.378,0.164,0.107,0.18,6.187,55.540543,30.88669,5,6,4,6
1,453,129,0.0001881,0,0,0,0.08,0.199,0.404,0,1.362,0.347,0.14,0.153,4.336,5.773,34.56791,-16.073189,5,6,6,6
1,611,596,0,0,0,0.0002156,0.06,0.141,0.318,0,0.953,0.238,0.095,0.071,0.147,4.259,6.417376,-5.705008,5,6,6,6
1,658,255,0,0,4.94E-05,0.011,0.058,0.362,0.47,0.001,1.265,0.311,0.2,0.694,0.181,7.037,30.887114,-20.42145,5,6,6,6
1,678,114,0,8.30E-05,4.43E-05,0.003,0.000316,0.429,0.546,0,1.095,0.198,0.223,0.366,0.132,8.192,11.730026,14.362012,5,6,6,6
1,684,231,0,0,0,0.001,0.008,0.392,0.476,0,1.026,0.229,0.187,0.558,0.219,7.49,11.563679,13.222595,5,6,6,6
1,692,163,0,0,0,2.33E-05,0.014,0.204,0.452,0,0.826,0.205,0.102,0.214,0.123,5.2,6.1689844,11.12761,5,6,6,6
1,720,220,0.019,0.102,0,0.004,0.031,0.232,1.108,0,1.301,0.239,0.102,0.249,0.192,4.335,14.174627,27.787851,5,6,3,6
1,799,610,0.102,0,0,6.20E-06,0.099,0.586,0.509,0,1.041,0.262,0.167,0.171,2.482,7.799,11.115476,32.545532,5,5,5,6
1,916,249,0,0,0,0,0.074,0.172,0.353,0,0.591,0.271,0.126,0.143,0.403,6.408,-21.173841,-11.331335,5,6,6,6
1,992,620,0,0,0,0,0.077,0.188,0.388,0,0.754,0.282,0.113,0.114,0.148,4.794,-5.9042788,-23.561014,5,6,6,6
1,1060,239,0.002,0,0,0,0.031,0.271,0.366,0,0.626,0.216,0.093,1.012,0.287,5.324,-20.180847,-12.927606,5,6,6,6
1,1102,625,0,0,0,3.00E-05,0.069,0.211,0.359,0,1.131,0.265,0.149,0.11,0.12,4.529,15.721518,-6.7338014,5,6,6,6
1,1138,724,0,0,0,0.006,0.064,0.264,0.51,0,1.426,0.232,0.221,0.144,0.884,6.659,16.68593,18.32696,5,6,6,6
1,1210,633,0.0002102,5.33E-06,0,0.03,0.046,0.228,0.421,0,1.939,0.281,0.175,0.17,0.267,4.519,45.400322,1.3028393,5,6,6,6
1,1240,377,0,8.38E-06,0,0.144,0.069,0.214,0.438,0,3.786,0.283,0.164,0.211,0.54,4.067,45.982826,41.444473,5,6,4,6
1,1293,185,0,0,0,0.0002214,0.046,0.157,0.506,0,1.166,0.344,0.115,0.089,0.204,5.069,29.312807,-23.463799,5,6,6,6
1,1365,139,0,0,0,0,0.036,0.161,0.27,0,0.569,0.183,0.067,0.096,0.112,4.805,-20.137745,20.576202,5,6,6,6
1,1467,223,0,0,0,1.13E-05,0.088,0.123,0.314,0,0.836,0.287,0.096,0.066,0.063,4.476,3.1580915,-6.7858686,5,6,5,6
1,1504,232,0,0.007,0,0,0.097,0.207,0.687,0,0.814,0.263,0.11,0.078,0.101,6.735,-1.1968274,29.61741,5,5,5,6
1,1543,1285,0,0,0,0.0002326,0.034,0.198,0.34,0,1.136,0.258,0.127,0.102,0.101,5.485,15.878926,-6.7731924,5,6,6,6
1,1653,85,0,0,0,0,0.094,0.108,0.341,0,0.781,0.301,0.079,0.105,0.645,6.008,-4.2150245,-22.424679,5,6,5,6
1,1800,304,0.0001633,0,0,0.043,0.041,0.13,0.303,0,1.693,0.204,0.074,0.078,0.08,4.385,34.84909,3.8525603,5,6,6,6
1,1864,187,0,0,0,0,0.046,0.153,0.329,0,0.947,0.45,0.123,0.084,0.107,3.678,18.62542,-30.940163,5,6,6,6
1,1896,351,0,0,0,0.078,0.095,0.127,0.446,0,5.865,0.335,0.09,0.161,2.667,5.678,62.082382,18.612806,5,5,4,6
1,1949,140,0.002,0,0,0.0006747,0.078,0.227,0.251,0,1.131,0.445,0.088,0.076,0.095,2.403,24.038008,-19.33638,5,6,6,6
1,1986,46,0,0,0,0,0.074,0.388,0.489,0,1.246,0.307,0.144,0.331,0.118,4.412,17.647854,13.920288,5,6,6,6
2,221,192,0,0,0,0.01,0.098,0.233,0.377,0,1.067,0.305,0.141,0.071,0.603,3.729,14.78786,-7.1249495,5,5,5,6
2,592,332,0,0,0.0008221,0,0,0.153,0.318,0.008,0.534,0.129,0.046,0.047,0.09,4.075,-20.600365,22.347658,5,6,6,6
2,605,433,0,1.75E-05,0,0,0,0.25,0.403,0,0.496,0.128,0.065,0.02,0.082,7.367,-19.613365,33.862724,5,6,6,6
2,639,459,0,0.0004204,0.006,0.006,0.034,0.131,0.41,0.005,1.34,0.168,0.066,0.07,0.082,6.384,15.271035,12.7433405,5,6,6,6
2,652,563,0.0004485,0,0.0007659,0.053,0.037,0.105,0.323,0.005,1.769,0.193,0.087,0.09,0.078,4.015,36.26633,5.2529325,5,6,6,6
2,654,520,0,0,0.003,0.047,0.007,0.096,0.245,0.005,1.907,0.147,0.05,0.066,0.066,4.676,37.668095,8.924573,5,6,6,6
2,675,573,0,0,0,7.84E-05,0.081,0.132,0.253,0,0.898,0.277,0.075,0.054,0.054,5.318,7.177728,-10.021509,5,6,6,6
2,725,297,0,0,6.34E-05,0,0,0.2,0.284,0.002,0.574,0.118,0.077,0.124,0.093,8.107,-19.355335,21.88365,5,6,6,6
2,760,375,0,0,0,0,0,0.144,0.32,0,0.464,0.119,0.078,0.092,0.094,3.171,-26.871286,33.33209,5,6,6,6
2,946,350,0,0,0,0.009,0.073,0.217,0.408,0,2.695,0.359,0.116,0.123,1.235,2.685,34.8233,27.284206,5,6,6,6
2,954,807,0,0,2.40E-05,0.0005439,1.71E-05,0.141,0.313,0,0.745,0.14,0.099,0.086,0.096,5.71,-14.084714,18.902,5,6,6,6
2,1079,406,0,1.45E-05,0.051,6.01E-05,0,0.156,0.454,0.076,0.928,0.128,0.076,0.338,0.099,4.246,8.06237,11.127324,5,6,6,6
2,1094,813,0.0001178,0,0,0.0001137,0,0.151,0.272,0,0.893,0.121,0.091,0.078,0.097,4.16,6.972557,6.3663726,5,6,6,6
2,1126,152,0,0,0.008,0,0,0.133,0.332,0.003,0.658,0.121,0.074,0.187,0.074,6.62,-15.82914,20.02861,5,6,6,6
2,1137,385,0,0,0.002,0.0006096,0.061,0.169,0.388,0.005,1.041,0.217,0.101,0.146,0.09,4.569,14.650866,-6.115198,5,6,6,6
2,1150,317,0.009,0.0002076,0.118,0.0004331,0.088,0.158,0.4,0.116,1.084,0.286,0.078,0.085,0.118,3.132,14.815823,-4.919602,5,6,1,6
2,1154,878,0,0,0.01,0.002,0.061,0.152,0.258,0.007,0.729,0.206,0.07,0.115,0.082,4.17,-5.408827,-1.9304508,5,6,6,6
2,1166,297,0,0,8.52E-06,0.06,0.044,0.265,0.311,0,2.405,0.265,0.094,0.144,0.149,8.062,37.361977,21.357367,5,6,6,6
2,1259,281,0,0,0.113,0,0,0.24,0.453,0.096,0.636,0.121,0.072,0.191,0.118,6.99,-13.210572,32.446564,5,6,1,6
2,1281,865,0,0,0.036,1.61E-05,0,0.157,0.392,0.04,0.652,0.12,0.068,0.111,0.095,5.985,-14.921643,21.320932,5,6,6,6
2,1347,539,0.0002008,0,2.35E-06,0.00012,0,0.148,0.302,0,0.669,0.118,0.09,0.133,0.084,4.591,-15.752052,19.42221,5,6,6,6
2,1451,699,0.0003104,0,1.18E-05,0.002,0.035,0.167,0.301,0.001,1.395,0.206,0.071,0.094,0.095,5.615,27.65738,-0.562538,5,6,6,6
2,1480,209,0.0003068,0,0.0003359,0.047,0.092,0.183,0.356,0,2.544,0.326,0.12,0.13,7.63,8.235,35.6957,25.09112,5,6,5,6
3,25,194,0,0,0.0001954,0,0.079,0.216,0.161,0,0.502,0.196,0.102,0.349,0.103,7.914,-34.777218,-2.3106768,5,6,6,6
3,65,69,0,0,0.0001737,0,0,0.136,0.224,0,0.415,0.155,0.102,0.115,0.068,6.508,-47.647457,12.149936,5,6,6,6
3,199,995,1.95E-05,0,0,0,0.071,0.237,0.163,0,0.578,0.218,0.105,0.136,0.082,10.784,-31.85721,-2.887611,5,6,6,6
3,245,422,0,0,0,0,0.092,0.21,0.165,0,0.587,0.219,0.102,0.105,0.083,10.193,-31.907282,-3.3014717,5,6,5,6
3,272,158,0,0,0.0001817,0,0.001,0.157,0.328,0,0.612,0.147,0.105,0.095,4.79,9.265,-17.324402,20.73058,5,6,6,6
3,279,76,0,0,0.002,0,0.012,0.258,0.198,0.008,0.504,0.277,0.147,0.086,0.107,6.498,-37.991096,-1.2285174,5,6,6,6
3,310,211,0,0,0,0,0.055,0.248,0.213,0,0.528,0.206,0.109,0.124,0.16,10.234,-34.827564,4.3647623,5,6,6,6
3,410,293,0,0,0.0001103,0,0.098,0.179,0.164,0,0.588,0.23,0.101,0.085,0.16,4.704,-31.946028,-3.7556818,5,5,5,6
3,429,484,0,0,5.23E-06,0,0.033,0.154,0.257,0,0.597,0.217,0.098,0.082,2.112,6.883,-20.204132,4.0221825,5,6,6,6
3,474,304,0,0,5.82E-05,0,0.024,0.105,0.161,0.003,0.453,0.166,0.077,0.061,0.187,6.443,-33.62105,17.31995,5,6,6,6
3,492,355,0,0,3.29E-05,0,0.055,0.224,0.264,0,0.428,0.202,0.122,0.09,1.931,8.485,-39.60578,9.848862,5,6,6,6
3,537,397,0,0,4.40E-05,0,0.027,0.184,0.269,0,0.45,0.185,0.102,0.11,2.509,10.031,-40.421196,10.235006,5,6,6,6
3,671,208,0,0,2.43E-05,0,0.063,0.158,0.182,0,0.604,0.281,0.083,0.093,0.07,2.822,-27.562996,-8.26325,5,6,6,6
3,808,369,0,0,0.0001233,0,0.068,0.322,0.178,0.002,0.436,0.197,0.12,0.591,0.101,10.509,-35.012547,9.463966,5,6,6,6
3,824,192,0,0,0.0002001,0,0.01,0.23,0.331,0.001,0.504,0.171,0.124,0.133,4.632,10.373,-20.985699,25.190535,5,6,6,6
3,825,485,0,0,0.0002197,0,0.075,0.186,0.271,0.001,0.548,0.223,0.09,0.121,3.622,7.971,-32.25791,1.471712,5,6,6,6
3,883,99,0,0,0,0,0.041,0.335,0.252,0,0.404,0.213,0.139,0.227,0.082,10.085,-35.54028,9.228535,5,6,6,6
3,909,334,0,0,4.39E-05,0,0.006,0.343,0.193,0,0.356,0.165,0.157,0.284,0.108,11.624,-28.878786,27.985142,5,6,6,6
3,947,281,0,0,0,0,0,0.306,0.227,0,0.341,0.128,0.115,0.299,0.11,11.065,-28.935488,28.670006,5,6,6,6
3,970,156,0,0,0,0,4.05E-06,0.362,0.253,0.001,0.349,0.145,0.13,0.39,0.153,11.975,-28.202587,28.636791,5,6,6,6
3,971,201,0,0,1.26E-05,0,3.78E-05,0.391,0.207,0,0.379,0.144,0.142,0.219,0.11,10.279,-27.686113,28.196165,5,6,6,6
3,976,323,0,0,0,0,0.047,0.304,0.232,0,0.474,0.228,0.142,0.185,0.106,10.679,-34.658264,6.527361,5,6,6,6
3,990,175,0,0,0.0001924,0,0.08,0.139,0.183,0,0.499,0.256,0.09,0.051,0.097,3.012,-47.31621,1.0776654,5,6,6,6
3,1009,393,0,0,9.91E-05,0,0.065,0.191,0.256,0.001,0.505,0.242,0.102,0.06,0.564,7.497,-35.990585,1.5918089,5,6,6,6
3,1021,512,0,0,7.37E-05,0,0.093,0.151,0.171,0,0.486,0.2,0.085,0.051,0.061,3.445,-43.86167,7.481193,5,6,5,6
3,1116,89,0,0,0,0,3.42E-05,0.329,0.259,0,0.324,0.154,0.111,0.179,1.773,12.979,-28.612171,28.931593,5,6,6,6
3,1137,190,0,0,0,0,0.029,0.276,0.256,0,0.325,0.176,0.102,0.174,1.356,11.591,-29.24558,29.149366,5,6,6,6
3,1138,74,0,0,0.0003064,0,0.052,0.356,0.231,0,0.542,0.229,0.148,0.618,0.109,6.299,-33.74558,6.229178,5,6,6,6
3,1139,630,0,0,4.01E-06,0,0.077,0.289,0.301,0,0.496,0.195,0.139,0.134,1.549,11.909,-23.087656,26.426043,5,6,6,6
3,1144,91,0,0,0,0,0,0.262,0.302,0,0.304,0.113,0.107,0.166,2.015,12.189,-32.545956,36.401463,5,6,6,6
3,1169,290,0,0,0,0,0.068,0.263,0.307,0,0.474,0.177,0.116,0.1,1.455,13.199,-23.195808,26.359015,5,6,6,6
3,1171,228,0,0,0.0002628,0,0.069,0.298,0.22,0,0.593,0.253,0.136,0.135,0.074,3.488,-18.085503,-15.557252,5,6,6,6
3,1180,100,0,0,0,0,0,0.258,0.241,0,0.305,0.115,0.12,0.143,1.626,12.746,-29.74212,29.845234,5,6,6,6
3,1189,170,0,0,0.0007302,0,0.041,0.185,0.402,0.002,0.815,0.189,0.118,0.069,6.132,14.605,5.8588734,10.43801,5,6,6,6
3,1193,128,0,0,0,0,0.021,0.304,0.273,0.001,0.395,0.169,0.116,0.248,1.452,11.457,-27.601177,27.8234,5,6,6,6
3,1201,506,0,0,0,2.50E-06,0.059,0.277,0.294,0,0.604,0.224,0.138,0.126,1.476,8.838,-19.030891,-14.557606,5,6,6,6
3,1202,193,0,0,0,0,1.09E-05,0.283,0.294,0,0.568,0.161,0.126,0.09,2.045,14.028,-21.815243,26.267601,5,6,6,6
3,1208,338,0,0.0007667,0,0,0.082,0.368,0.277,0,0.549,0.315,0.181,0.156,0.19,8.432,-19.442427,-17.639696,5,6,6,6
3,1218,166,0,0,0.0005109,0,7.62E-06,0.208,0.463,0.002,0.717,0.14,0.11,0.046,5.608,22.161,-10.655581,32.18424,5,6,6,6
3,1220,534,0,0,0,0.001,0.093,0.292,0.308,0,0.727,0.27,0.145,0.106,1.657,12.07,-11.278509,-16.964867,5,6,5,6
3,1221,444,0,0,7.54E-05,0,0.084,0.188,0.183,0.001,0.457,0.219,0.097,0.067,0.072,3.696,-39.02587,3.822752,5,6,6,6
3,1226,158,0,0,0,0,6.67E-06,0.303,0.311,0,0.447,0.142,0.135,0.109,2.116,13.796,-23.438074,32.45581,5,6,6,6
3,1237,179,0,0,0.000232,0,0,0.203,0.488,0,0.755,0.143,0.108,0.047,5.47,23.19,-9.896305,32.182934,5,6,6,6
3,1246,293,0,0,0,0,0.068,0.295,0.266,0,0.626,0.373,0.16,0.161,0.277,5.648,-17.966797,-19.219662,5,6,6,6
3,1250,186,0,0,0,0,0.034,0.337,0.295,0,0.582,0.23,0.174,0.102,1.881,9.946,-18.630554,-15.57764,5,6,6,6
3,1251,93,0,0,0.0003148,0,0,0.237,0.469,0.002,0.879,0.158,0.122,0.061,6.549,16.224,7.0360227,11.529732,5,6,6,6
3,1257,81,0,0,0.0003618,0,0,0.22,0.467,0.002,0.654,0.138,0.101,0.04,6.087,16.392,-12.350626,32.632183,5,6,6,6
3,1275,109,0,0,0.0001102,0,0,0.181,0.478,0,1.019,0.16,0.102,0.065,5.24,13.161,9.871536,11.682311,5,6,6,6
3,1290,170,0,0,0.0004863,0,0,0.222,0.438,0.001,0.814,0.153,0.102,0.052,6.495,12.18,5.8834686,11.234597,5,6,6,6
3,1291,284,0,0,0.001,0,0.097,0.308,0.204,0.002,0.519,0.235,0.128,0.206,0.114,6.33,-34.093143,5.4862146,5,5,5,6
3,1294,216,0,0,0.0002718,0,0.094,0.189,0.379,0.002,0.805,0.216,0.102,0.066,5.685,8.365,2.536383,-4.526815,5,6,5,6
3,1359,205,0,0,3.08E-05,0,0.097,0.128,0.131,0.001,0.492,0.199,0.066,0.047,0.066,9.743,-45.028885,7.920464,5,5,5,6
3,1374,704,0.0002338,0,0,0.0003809,0.081,0.438,0.295,0,0.824,0.341,0.2,0.19,0.194,9.473,8.475101,-28.320463,5,6,6,6
3,1456,173,0,0,8.75E-05,0,0.004,0.178,0.2,0,0.543,0.186,0.098,0.023,0.175,18.17,-23.191584,16.42025,5,6,6,6
3,1457,212,0,0,5.97E-06,0,0.006,0.172,0.202,0,0.644,0.195,0.105,0.039,0.209,21.308,-12.666576,0.91435015,5,6,6,6
3,1472,371,0,0,0,2.72E-05,0.007,0.173,0.227,0,0.871,0.211,0.103,0.035,0.276,21.882,4.5709925,-6.1057615,5,6,6,6
3,1479,222,0,0,1.42E-05,6.28E-05,0.007,0.155,0.217,0,0.774,0.217,0.107,0.055,0.194,13.446,-2.6756206,-3.2454863,5,6,6,6
3,1550,136,0,0,6.04E-05,0,0.046,0.267,0.165,0,0.45,0.246,0.096,0.148,0.064,7.216,-36.170975,6.5501704,5,6,6,6
3,1583,346,0,0.002,0,0.0003107,0.062,0.218,0.239,0,0.492,0.247,0.122,0.075,0.162,6.865,-36.82642,1.442411,5,6,6,6
3,1612,260,0,0,0,0,2.19E-05,0.141,0.277,0,0.518,0.16,0.1,0.042,0.095,2.54,-22.045753,20.949745,5,6,6,6
3,1619,303,0,0,6.26E-06,0,0.006,0.308,0.419,0,0.73,0.193,0.154,0.509,5.173,13.772,-13.188551,28.617977,5,6,6,6
3,1620,470,0,0,1.07E-05,0,0.042,0.361,0.439,0,0.651,0.201,0.157,0.326,4.318,12.925,-13.479369,28.883816,5,6,6,6
3,1642,386,0,0,0,0,0.089,0.212,0.153,0,0.375,0.21,0.101,0.066,0.15,11.088,-38.893135,13.4571495,5,6,5,6
3,1644,161,0,0,0,0,0,0.21,0.144,0,0.326,0.14,0.094,0.108,0.197,11.716,-34.22355,26.697758,5,6,6,6
3,1650,204,0,0,0,0,0.059,0.383,0.42,0,0.718,0.227,0.167,0.391,4.37,14.166,-13.3676,28.651443,5,6,6,6
3,1659,151,0,0,0,0,0.001,0.341,0.396,0,0.663,0.177,0.167,0.458,3.97,12.029,-13.608221,28.896091,5,6,6,6
3,1674,122,0,0,0,0,0.055,0.221,0.169,0,0.413,0.194,0.091,0.131,0.127,10.013,-38.678352,13.426637,5,6,6,6
3,1840,598,0,0,2.11E-05,0,0.065,0.346,0.17,0,0.368,0.225,0.117,0.291,0.095,9.721,-35.9904,10.205286,5,6,6,6
3,1870,523,0,0,1.21E-05,0,0.025,0.31,0.179,0,0.366,0.211,0.116,0.265,0.113,10.968,-36.49142,10.515549,5,6,6,6
3,1928,468,2.71E-06,0.025,0,0,0.0001879,0.163,0.449,0,0.425,0.177,0.114,0.054,0.08,5.348,-19.508385,37.113712,5,6,6,6
3,1949,250,0,0,0,0.038,0.001,0.112,0.185,0.001,2.26,0.191,0.074,0.083,0.08,6.333,39.516026,17.491789,5,6,6,6
3,1971,90,0,0,0,0,0,0.235,0.398,0,0.445,0.144,0.096,0.059,4.736,18.657,-21.363434,34.293415,5,6,6,6
3,1983,326,0,0,0,0.059,0.098,0.307,0.262,0.001,2.408,0.336,0.138,0.088,0.115,5.432,36.884514,21.098011,5,5,5,6
3,1989,100,0,0,0,0,0,0.155,0.307,0,0.429,0.149,0.091,0.058,3.425,12.663,-27.597315,33.36286,5,6,6,6
3,1993,124,0,0,0,0,2.04E-05,0.219,0.343,0.001,0.45,0.149,0.117,0.073,3.798,18.032,-24.204897,33.383575,5,6,6,6
3,1995,117,0,0,0,0,0.08,0.289,0.18,0,0.576,0.205,0.143,0.106,0.113,8.507,-32.060616,4.0851808,5,6,6,6
3,2008,275,0,0,0,0,0.012,0.232,0.349,0,0.562,0.217,0.114,0.083,3.905,16.181,-20.815317,-12.340222,5,6,6,6
3,2015,497,0,0,0,0,0.095,0.234,0.191,0,0.42,0.25,0.106,0.166,0.096,4.751,-37.041916,7.0444326,5,5,5,6
3,2016,96,0,0,0,0,0.015,0.225,0.362,0,0.512,0.194,0.116,0.083,4.286,19.568,-20.472506,25.427698,5,6,6,6
3,2030,157,0,0,0,0,0.079,0.194,0.302,0,0.558,0.269,0.107,0.051,3.527,14.602,-22.025017,-13.542081,5,6,6,6
3,2084,133,0,0,0.0001315,0.03,0.003,0.156,0.376,0.001,1.978,0.162,0.073,0.05,4.393,15.295,23.493374,23.42607,5,6,6,6
3,2085,165,0,0,0.0009502,0.003,0.039,0.206,0.456,0.007,1.014,0.153,0.1,0.036,5.691,25.381,9.830581,11.590118,5,6,6,6
3,2124,83,0.0005751,3.81E-05,0,0,0.055,0.42,0.502,0,0.643,0.216,0.083,0.063,0.233,5.157,-9.85129,39.505928,5,6,6,6
3,2129,235,0,0,0,0,0.009,0.196,0.248,0,0.382,0.272,0.113,0.066,0.081,10.928,-57.330036,9.391851,5,6,6,6
3,2302,61,0,0,0.0002313,0,0.017,0.267,0.17,0.002,0.481,0.232,0.115,0.101,0.227,5.359,-35.737736,5.749636,5,6,6,6
4,152,476,0,0,2.12E-05,0,0.002,0.207,0.16,0.001,0.392,0.158,0.09,0.064,0.435,11.829,-32.292995,24.764486,5,6,6,6
4,153,306,0,0,1.79E-05,0,0,0.184,0.167,0.001,0.394,0.138,0.085,0.066,0.411,12.243,-32.852634,24.531742,5,6,6,6
4,159,318,0,0,0.0002094,0,0.073,0.178,0.263,0.002,0.518,0.181,0.084,0.117,4.411,11.096,-22.181093,21.743782,5,6,6,6
4,170,464,0,0,1.09E-05,0,3.47E-05,0.193,0.159,0,0.388,0.143,0.088,0.058,0.42,11.456,-32.78408,24.801004,5,6,6,6
4,180,471,0,0,0.0002269,0,0.02,0.19,0.263,0.001,0.498,0.174,0.099,0.099,2.733,11.427,-22.71708,22.152302,5,6,6,6
4,214,189,0,0,0.0002756,0,0.024,0.18,0.144,0,0.549,0.226,0.101,0.057,0.123,4.598,-33.545246,-3.3885117,5,6,6,6
4,236,122,0,0,0.0002059,0,0.071,0.206,0.233,0,0.581,0.207,0.108,0.1,1.094,6.635,-31.693037,-4.6161046,5,6,6,6
4,270,291,0,0.012,0.0005209,0.0003233,0.044,0.223,0.856,0.001,0.889,0.253,0.113,0.072,0.815,6.317,3.5359638,31.25889,5,6,6,6
4,355,319,0,0,0,0,0,0.204,0.169,0,0.462,0.126,0.1,0.137,0.47,12.21,-30.48069,22.537016,5,6,6,6
4,365,1427,0,0,9.75E-05,0,0.082,0.18,0.169,0,0.777,0.202,0.103,0.058,0.172,12.92,-2.0490901,-1.404705,5,6,6,6
4,377,136,0,0,0,0,0.012,0.173,0.164,0.001,0.451,0.148,0.1,0.136,0.445,10.554,-31.55817,21.955944,5,6,6,6
4,416,1336,0,0,0.0002672,0,0.061,0.26,0.19,0,0.556,0.179,0.1,0.076,0.218,9.986,-25.948833,22.670088,5,6,6,6
4,428,107,0,0,0.003,0,0.06,0.244,0.181,0.004,0.436,0.2,0.103,0.078,0.072,6.782,-36.681396,6.571401,5,6,6,6
4,570,607,0,0,0.000348,0,0.022,0.21,0.31,0,0.581,0.174,0.093,0.068,4.153,10.054,-18.8942,22.3919,5,6,6,6
4,611,133,0,0,0.0008751,0,0.002,0.177,0.29,0.001,0.545,0.176,0.076,0.062,3.582,7.587,-20.620258,21.494617,5,6,6,6
4,661,723,0,0,0.002,0,0.048,0.223,0.326,0.001,0.617,0.172,0.091,0.057,3.511,15.912,-18.132385,22.415462,5,6,6,6
4,667,423,0,0,0.0003349,0,0.017,0.196,0.311,0,0.563,0.155,0.086,0.044,2.738,15.28,-19.425314,22.403728,5,6,6,6
4,670,278,0,0,0.0002175,0,0,0.212,0.311,0,0.56,0.11,0.08,0.054,2.978,20.19,-19.540121,22.930237,5,6,6,6
4,688,277,0,0,0.0003451,0.002,0.036,0.194,0.302,0.001,0.775,0.212,0.101,0.057,3.165,14.668,1.7692338,-4.5315557,5,6,6,6
4,690,281,0,0.052,0.001,0,0.063,0.212,0.719,0,0.633,0.236,0.106,0.105,3.522,8.587,-5.8955164,29.337517,5,6,6,6
4,695,269,0.001,0.082,0.003,9.40E-06,0.011,0.294,0.907,0.001,0.667,0.177,0.091,0.048,2.581,13.056,1.3001031,35.99251,5,6,3,6
4,700,171,0,0.0001056,0.0005359,0,0,0.219,0.322,0.003,0.581,0.129,0.079,0.051,2.528,16.495,-19.087372,22.855259,5,6,6,6
4,710,1242,0,0,0.0006585,0.018,0.007,0.138,0.185,0.001,1.323,0.18,0.103,0.05,0.081,6.895,25.45689,-0.4304528,5,6,6,6
4,736,537,0,0.004,8.51E-05,0.005,0.051,0.233,0.33,0,0.801,0.244,0.102,0.043,1.981,16.294,2.1022413,-4.446483,5,6,6,6
4,773,220,0,0,0.0001004,0,0.017,0.214,0.245,0,0.517,0.218,0.101,0.053,1.188,17.474,-35.8485,2.2227385,5,6,6,6
4,776,141,0,0,0.0004378,0.0001121,0.001,0.264,0.36,0,0.693,0.161,0.09,0.035,2.648,20.245,-13.315403,20.455362,5,6,6,6
4,791,115,0,0,0.0001538,0,0,0.246,0.282,0.001,0.538,0.167,0.11,0.046,1.719,17.87,-21.980457,25.647436,5,6,6,6
4,798,148,0,0.002,0.0003056,0.056,0.026,0.309,0.472,0,2.192,0.248,0.111,0.055,2.159,11.669,24.95742,24.95065,5,6,6,6
4,828,106,0.001,0.006,0.002,0.137,0.012,0.594,0.701,0.003,2.061,0.254,0.131,0.103,0.964,12.736,22.179644,25.836782,5,6,4,6
4,834,560,0,0.0002622,0.0003251,0,0.076,0.274,0.332,0,0.546,0.19,0.125,0.063,2.353,14.302,-21.448776,26.194506,5,6,6,6
4,835,218,0.001,0.005,0.0005463,0.004,0.015,0.543,0.662,0,0.97,0.195,0.136,0.1,1.312,11.283,-2.7022047,40.962246,5,6,6,6
4,937,488,0,0,0.0001848,0.006,3.80E-05,0.206,0.185,0,2.674,0.192,0.112,0.06,0.102,10.69,40.9256,25.81493,5,6,6,6
4,1089,97,0,0,0,0,0.017,0.281,0.2,0,0.448,0.164,0.118,0.077,0.052,11.061,-28.21225,25.452087,5,6,6,6
4,1195,119,0,0,0,0,0.097,0.124,0.106,0,0.411,0.224,0.054,0.034,0.032,5.927,-45.896225,13.419233,5,5,5,6
4,1247,2062,0,0,0.0003171,0,0.076,0.184,0.246,0.001,0.485,0.18,0.082,0.051,2.016,9.269,-40.34934,9.89052,5,6,6,6
4,1388,183,0,0,0.0001312,0,0.084,0.267,0.162,0.002,0.46,0.246,0.105,0.139,0.06,5.544,-36.085667,6.3603544,5,6,6,6
4,1443,179,0,0,3.52E-05,0,0,0.208,0.154,0.001,0.308,0.143,0.095,0.06,0.065,11.09,-34.31811,26.950151,5,6,6,6
4,1514,440,0,0,5.74E-06,0,0.064,0.231,0.154,0,0.445,0.186,0.11,0.061,0.077,13.568,-30.97151,23.685553,5,6,6,6
4,1545,139,0,0,9.01E-05,0,0.011,0.28,0.195,0,0.406,0.189,0.095,0.11,0.146,12.888,-36.67933,10.408059,5,6,6,6
4,1685,38,0,0,0,0,0.042,0.256,0.129,0,0.605,0.22,0.083,0.147,0.656,8.949,-31.54393,-2.5716588,5,6,6,6
5,150,391,0,0,6.47E-06,0,0.095,0.124,0.142,0.001,0.566,0.25,0.081,0.054,0.144,7.315,-22.188234,-2.3769584,5,5,5,6
5,216,192,0,0,0,0,0.058,0.162,0.194,0.001,0.912,0.282,0.097,0.046,0.224,11.358,9.291211,-12.202431,5,6,6,6
5,218,258,0,0,7.82E-05,0,0.065,0.094,0.316,0,0.664,0.205,0.052,0.065,3.427,9.686,-9.462259,1.3620195,5,6,6,6
5,241,523,0,0,0.0001318,0,0.072,0.18,0.188,0.001,0.671,0.252,0.107,0.054,0.343,14.444,-14.381892,-10.027018,5,6,6,6
5,303,166,0,0,7.15E-05,0,0.034,0.16,0.151,0,0.754,0.226,0.082,0.059,0.101,11.177,-2.5427945,-1.9560839,5,6,6,6
5,324,483,0,0,2.62E-06,0,0.059,0.097,0.177,0,0.501,0.243,0.066,0.053,0.911,5.918,-46.73465,3.395314,5,6,6,6
5,443,495,0,0,7.97E-05,0.167,0.094,0.166,0.189,0,5.37,0.286,0.113,0.098,0.186,9.519,61.76318,24.104807,5,6,4,6
5,455,357,0,0,3.90E-05,0.03,0.074,0.182,0.198,0,1.901,0.251,0.124,0.074,0.587,10.24,38.502422,7.3794737,5,6,5,6
5,473,963,0,0,0.0001656,0,0.082,0.129,0.212,0.002,0.612,0.227,0.089,0.049,1.087,10.417,-19.421013,1.522275,5,6,6,6
5,568,184,0,0,0.0001511,0.159,0.024,0.142,0.225,0,4.885,0.222,0.081,0.113,0.893,11.261,59.596947,29.748688,5,6,4,6
5,589,236,0,0,8.02E-05,0.025,0.065,0.128,0.17,0,1.791,0.239,0.07,0.073,0.829,8.455,37.558,5.454093,5,6,6,6
5,602,316,0,0,1.60E-05,0.0002126,0.036,0.165,0.224,0,0.87,0.246,0.087,0.056,1.259,9.005,3.8643963,-8.431067,5,6,6,6
5,623,75,0,0,0,0,0,0.099,0.082,0,0.479,0.116,0.049,0.045,0.039,6.747,-29.23282,14.002103,5,6,6,6
5,664,260,0,0,0,0,2.37E-05,0.115,0.142,0,0.728,0.129,0.048,0.048,0.059,6.499,-13.933141,11.414604,5,6,6,6
5,680,329,0,0,0.009,0.021,0,0.14,0.138,0.004,1.659,0.114,0.05,0.085,0.044,7.251,32.355804,5.5654073,5,6,6,6
5,780,372,0,0,0.0001171,0,0.06,0.082,0.164,0.002,0.657,0.269,0.122,0.049,0.937,2.955,-15.239951,-1.4788667,5,6,6,6
5,783,249,0,0,8.62E-05,0.003,0.084,0.211,0.329,0,1.586,0.261,0.1,0.055,3.663,13.827,34.065094,1.1916616,5,6,6,6
5,846,200,0,0,0.0002534,0.001,0.07,0.174,0.277,0.001,1.977,0.26,0.105,0.07,3.293,7.074,36.45323,12.676552,5,6,6,6
5,866,129,0,0,0.000142,0,0.081,0.103,0.261,0.002,0.557,0.215,0.085,0.063,2.799,8.14,-26.034803,3.215837,5,6,6,6
5,885,190,0,0,1.33E-05,0,0.077,0.116,0.156,0.001,0.672,0.301,0.093,0.061,0.223,6.543,-11.051477,-7.4245467,5,6,6,6
5,964,395,0,0,6.40E-06,9.81E-05,0.095,0.147,0.184,0,1.232,0.274,0.106,0.05,0.427,7.02,22.942583,-4.588296,5,5,5,6
5,1003,255,2.98E-05,2.95E-05,0.01,0.000149,0.055,0.278,0.357,0.01,1.503,0.271,0.248,0.146,0.092,2.951,36.811604,-10.154623,5,6,6,6
5,1030,550,0,0,0.0003449,8.47E-05,0.031,0.16,0.248,0.001,1.04,0.201,0.101,0.051,1.951,13.406,11.284306,-5.6778145,5,6,6,6
5,1049,387,0,0,7.02E-05,0.0004482,0.097,0.141,0.248,0.001,1.259,0.255,0.099,0.07,2.306,12.017,23.90859,-3.262977,5,5,5,6
5,1098,396,0,0,5.90E-05,0.005,0.008,0.184,0.181,0,1.058,0.195,0.106,0.04,0.416,11.328,12.438418,-5.332758,5,6,6,6
5,1141,140,0,0,0,0,0.023,0.152,0.14,0,0.729,0.212,0.097,0.055,0.191,8.372,-2.828211,-1.7688751,5,6,6,6
5,1142,105,0,0,0,0,0.001,0.157,0.139,0,0.791,0.16,0.093,0.06,0.349,13.808,-1.1491307,0.72424483,5,6,6,6
5,1160,73,0,0,0,0,0.057,0.14,0.184,0,0.748,0.271,0.088,0.064,0.295,10.32,-3.6791544,-9.828149,5,6,6,6
5,1421,75,0,0,0,0,0.013,0.095,0.186,0,0.726,0.242,0.072,0.081,0.575,10.539,-6.85586,-4.489749,5,6,6,6
5,1498,300,0,0,0.0008746,0,0.044,0.173,0.317,0.004,0.513,0.189,0.09,0.054,3.525,10.665,-21.316248,21.971651,5,6,6,6
5,1499,363,0,0,0.0003158,0,0.082,0.148,0.242,0.001,0.63,0.278,0.092,0.044,1.633,4.905,-17.633877,-5.307547,5,6,6,6
5,1714,300,0,0,0,9.99E-05,0.075,0.176,0.154,0,0.95,0.232,0.093,0.037,0.149,13.068,10.207749,-8.624764,5,6,6,6
5,1755,222,0,0,0.0005713,0,0.03,0.122,0.242,0.001,0.756,0.244,0.076,0.049,3.543,12.763,-4.5226626,-3.9121172,5,6,6,6
5,1936,606,0,0,0.002,0.043,0.07,0.102,0.134,0.004,3.101,0.192,0.05,0.069,0.047,6.073,42.488026,32.832016,5,6,5,6
5,2088,190,0,0,0.0002415,0,0.005,0.178,0.319,0,0.948,0.21,0.12,0.045,2.229,20.823,6.595511,-4.8746896,5,6,6,6
5,2146,206,0,0,0,4.29E-05,0,0.092,0.089,0,0.661,0.111,0.033,0.033,0.03,7.685,-16.49874,11.086122,5,6,6,6
5,2220,141,0,0.018,0.0001433,1.79E-05,0.011,0.231,0.715,0,1.217,0.222,0.178,0.059,2.486,13.283,12.341395,19.086752,5,6,6,6
5,2328,596,0,0,6.18E-05,0.002,0.061,0.13,0.223,0.001,1.362,0.223,0.072,0.05,2.129,8.753,27.23388,-1.3109028,5,6,6,6
5,2838,265,0,0,2.86E-05,4.77E-06,0.002,0.152,0.182,0.001,0.831,0.171,0.082,0.047,0.392,11.004,3.9233992,0.2122779,5,6,6,6
5,2849,117,0,0,0.006,0,0.029,0.082,0.149,0.039,0.614,0.266,0.057,0.029,0.241,7.018,-21.330585,-3.9740806,5,6,6,6
5,2873,64,0,0,0,0,0.024,0.218,0.204,0,0.737,0.284,0.116,0.057,0.18,12.134,-9.720481,-14.983435,5,6,6,6
6,122,111,0,0,0,0,0.055,0.091,0.229,0,0.568,0.243,0.061,0.078,1.71,7.48,-23.39078,2.0380173,5,6,6,6
6,147,130,0,0,0,0,0.002,0.151,0.243,0,0.686,0.201,0.065,0.049,1.306,15.322,-10.445433,0.21199858,5,6,6,6
6,161,156,0,0,0,0,0.021,0.119,0.228,0,0.667,0.221,0.087,0.059,1.076,12.522,-10.651037,-0.66118675,5,6,6,6
6,178,181,0,0,1.75E-05,0,0.009,0.144,0.213,0.001,0.746,0.229,0.082,0.057,0.556,7.82,-3.6379983,-3.1233907,5,6,6,6
6,196,673,0,0,0.0001569,0.023,0.095,0.116,0.173,0.003,1.318,0.232,0.093,0.053,0.167,14.768,25.461842,-1.5674088,5,5,5,6
6,270,331,0,0,3.43E-05,2.29E-05,0.003,0.161,0.226,0.001,0.86,0.209,0.076,0.048,0.887,14.954,4.4415073,-5.9763722,5,6,6,6
6,291,327,0,0,0,0.128,0.08,0.098,0.162,0.001,2.705,0.232,0.051,0.057,0.496,2.482,39.41921,27.227142,5,6,4,6
6,297,98,0,0,0,0,0.007,0.087,0.347,0,0.623,0.178,0.054,0.09,4.148,6.324,-16.826847,20.538761,5,6,6,6
6,299,166,0,0,0,0,0,0.094,0.139,0,0.619,0.109,0.044,0.053,0.626,12.554,-18.532835,11.7203665,5,6,6,6
6,301,215,0,0,4.11E-05,0.004,0.082,0.155,0.194,0,2.132,0.271,0.09,0.07,0.216,6.107,37.053745,15.823451,5,6,6,6
6,332,203,0,0,0,0.00035,0.069,0.141,0.193,0,1.073,0.265,0.104,0.057,0.321,5.193,17.82198,-7.317603,5,6,6,6
6,346,273,0,0,5.09E-05,0,0.057,0.123,0.173,0,0.774,0.277,0.083,0.055,0.415,8.217,-1.0922459,-13.509218,5,6,6,6
6,355,516,0,0,0.0002213,0,0.019,0.072,0.254,0.001,0.496,0.167,0.046,0.052,3.239,8.857,-25.111872,18.953428,5,6,6,6
6,360,472,0,0,6.40E-05,0.0001299,0.007,0.17,0.185,0,0.99,0.212,0.099,0.058,0.254,19.087,10.732793,-8.021497,5,6,6,6
6,374,163,0,0,3.10E-05,0,0.091,0.092,0.289,0.001,0.529,0.232,0.068,0.055,3.55,9.779,-27.946589,3.3001792,5,6,5,6
6,382,257,0,0,0,0,0,0.103,0.157,0.001,0.464,0.108,0.036,0.049,1.042,7.85,-35.409267,19.36973,5,6,6,6
6,388,40,0,0,0.0001585,0,0.076,0.15,0.26,0,0.459,0.26,0.076,0.078,4.34,7.284,-52.460003,3.0126731,5,6,6,6
6,406,265,0,0,4.78E-06,0,0.077,0.13,0.164,0,0.685,0.272,0.091,0.055,0.198,9.216,-10.023559,-5.5385337,5,6,6,6
6,412,220,0,0,1.15E-05,0,0.085,0.155,0.212,0,0.818,0.264,0.102,0.06,0.43,12.331,0.628222,-8.769817,5,6,6,6
6,421,206,0,0,0,0.012,0.085,0.118,0.157,0,1.026,0.232,0.096,0.056,0.117,7.817,11.5463,-6.3514075,5,6,6,6
6,437,177,0,0,2.85E-05,0,0.0007186,0.163,0.341,0,0.843,0.163,0.112,0.06,2.976,13.581,5.8753014,8.97799,5,6,6,6
6,438,620,0,0,0,0,0.066,0.117,0.189,0,0.626,0.246,0.086,0.051,1.064,8.699,-17.804232,-0.27763346,5,6,6,6
6,468,494,0,0,0,0,0.016,0.112,0.136,0,0.695,0.163,0.061,0.045,0.433,6.201,-15.153816,12.048598,5,6,6,6
6,517,70,0,0,0,0,0.011,0.142,0.189,0,1.208,0.247,0.079,0.05,0.129,9.297,22.137932,-4.0769715,5,6,6,6
6,523,63,0,0,0,0,0.032,0.142,0.184,0,0.878,0.282,0.075,0.064,0.115,5.993,5.28012,-9.7020035,5,6,6,6
6,536,349,0,0,0.0004573,9.16E-05,0.011,0.157,0.223,0.002,1.097,0.209,0.087,0.055,0.981,14.178,17.455112,-5.4117823,5,6,6,6
6,553,533,0,0,9.47E-06,1.78E-05,0.08,0.104,0.141,0,0.713,0.245,0.074,0.052,0.098,9.775,-8.61178,-5.322138,5,6,6,6
6,563,317,0,0,3.99E-06,0,0.08,0.093,0.222,0.001,0.603,0.24,0.077,0.051,1.782,6.647,-20.323874,1.8797522,5,6,6,6
6,656,63,0,0,0,0.103,0.018,0.179,0.408,0,3.077,0.251,0.064,0.1,4.35,10.171,39.23209,33.98647,5,6,6,6
6,662,126,0,0,0.0001303,0.011,0.049,0.151,0.257,0,2.048,0.247,0.108,0.086,2.524,8.715,36.98532,13.725479,5,6,6,6
6,774,133,0,0,0,0,0.086,0.126,0.134,0,0.767,0.254,0.076,0.052,0.19,9.286,-4.611954,-6.6241517,5,6,6,6
6,797,251,0,0,1.01E-05,0,0.006,0.126,0.21,0,0.821,0.208,0.074,0.06,1.274,10.545,-0.7645549,-4.1575775,5,6,6,6
6,848,227,0.006,0,0,0,0.088,0.482,0.117,0,0.49,0.252,0.072,0.049,0.081,7.506,-32.55797,9.024834,5,6,5,6
6,938,586,0,0,0,0.015,0.046,0.107,0.118,0,1.057,0.235,0.059,0.048,0.052,6.662,12.314809,-5.720548,5,6,6,6
6,965,159,0,0,0,0,0.0006789,0.169,0.203,0,0.908,0.181,0.096,0.055,0.338,10.987,5.5726886,0.303175,5,6,6,6
6,976,480,0,0,0,0.0006871,0.026,0.146,0.155,0,0.873,0.196,0.079,0.054,0.354,12.402,5.0081186,0.100131534,5,6,6,6
6,998,252,0,0,0,0,0.026,0.067,0.101,0.001,0.552,0.25,0.046,0.053,0.039,5.754,-22.070013,-3.0065553,5,6,6,6
6,1045,361,0,0,0.001,0.000202,0,0.134,0.101,0.001,1.098,0.106,0.036,0.038,0.053,4.816,12.497161,1.6720173,5,6,6,6
6,1073,82,0,0,0.062,0,0,0.151,0.104,0.043,0.74,0.108,0.048,0.025,0.047,4.482,-13.393457,10.642191,5,6,6,6
6,1364,337,0,0,1.12E-05,0.09,0.066,0.166,0.191,0,2.424,0.265,0.117,0.044,0.435,11.998,38.367702,21.549736,5,6,4,6
6,1401,530,0,0,0.0001494,0.000186,0.006,0.168,0.36,0,0.954,0.195,0.161,0.055,3.288,16.728,8.168661,7.74449,5,6,6,6
6,1948,107,0,0,1.18E-05,0,0.0002269,0.098,0.212,0.001,0.397,0.172,0.053,0.033,1.9,9.017,-48.584747,13.236337,5,6,6,6
6,2277,171,0,0,0,2.96E-05,0.096,0.087,0.194,0,1.096,0.279,0.055,0.055,1.743,3.578,18.0215,-7.6960187,5,5,5,6
6,2327,77,0,0,0,0,0.099,0.168,0.218,0,0.852,0.299,0.099,0.058,0.831,10.845,3.246205,-12.819182,5,5,5,6
7,164,298,0,1.27E-05,0,0,0.022,0.196,0.629,0,0.7,0.152,0.111,0.15,0.155,7.872,-6.879296,32.52001,5,6,6,6
7,197,284,0,0,2.67E-05,0,0.028,0.175,0.643,0.002,0.649,0.155,0.088,0.115,0.261,7.014,-7.0429397,31.41343,5,6,6,6
7,202,1852,0,0.0005789,2.73E-06,0,0.088,0.18,0.663,0.001,0.651,0.218,0.114,0.199,0.171,3.655,-6.3856406,29.730951,5,6,5,6
7,239,902,0,0,5.90E-05,0,0.04,0.189,0.633,0,0.871,0.207,0.128,0.248,4.4,7.306,-1.6222585,30.930632,5,6,6,6
7,243,386,0,0,0.0001064,0,0.085,0.197,0.794,0.001,1.032,0.24,0.183,0.139,3.736,10.159,8.532627,25.693977,5,6,6,6
7,244,719,0,2.33E-06,4.99E-05,3.96E-05,0.047,0.233,0.717,0.001,0.909,0.202,0.142,0.276,0.181,4.318,-0.23139799,30.820892,5,6,6,6
7,320,470,0,0.007,9.41E-06,0.000829,0.001,0.2,0.918,0.001,1.101,0.177,0.17,0.097,0.278,10.039,10.080132,27.386766,5,6,6,6
7,337,483,0,0,1.05E-05,0,0.041,0.182,0.618,0.003,0.738,0.184,0.124,0.227,0.128,5.551,-5.822272,31.62563,5,6,6,6
7,407,893,0,0,3.89E-05,0,0.07,0.185,0.689,0,0.795,0.216,0.11,0.135,0.173,3.794,-1.9005326,30.261915,5,6,6,6
7,492,323,0,0,0.006,0,0.059,0.184,0.597,0.002,0.654,0.193,0.13,0.139,0.148,4.957,-6.9223576,30.335424,5,6,6,6
7,504,658,0,0.0003667,0,0.0008929,0.076,0.174,0.717,0,1.108,0.211,0.112,0.109,0.186,4.76,11.315398,18.121943,5,6,6,6
7,511,1759,0,0,1.44E-06,1.61E-05,0.002,0.177,0.634,0,0.89,0.129,0.098,0.086,0.177,7.429,-4.4539447,33.52944,5,6,6,6
7,550,942,0,1.34E-06,9.39E-06,0.007,0.036,0.207,0.661,0.001,1.01,0.173,0.118,0.244,0.218,7.402,10.215269,16.649015,5,6,6,6
7,564,875,0,1.01E-05,0,1.45E-06,0.028,0.187,0.705,0,1.084,0.193,0.119,0.131,0.165,4.652,11.030315,17.688805,5,6,6,6
7,636,428,0,0,0,8.86E-06,0.064,0.195,0.666,0.001,0.776,0.273,0.119,0.138,0.31,5.568,-1.998644,29.02489,5,6,6,6
7,658,394,0.006,0.011,1.76E-05,0,0.07,0.299,0.949,0,0.945,0.194,0.138,0.314,0.404,6.246,4.5524497,33.170338,5,6,6,6
7,843,69,0,0,0,0,0.034,0.205,0.67,0,0.765,0.273,0.122,0.066,0.155,5.635,-2.0856078,28.979141,5,6,6,6
7,861,631,0,0.012,0.0001394,0.005,0.075,0.193,0.942,0.001,1.852,0.227,0.12,0.109,0.201,3.193,19.015747,25.764393,5,6,6,6
7,911,958,5.06E-05,0,0,0,0.056,0.217,0.613,0,0.611,0.201,0.116,0.145,0.24,7.817,-7.204323,29.936604,5,6,6,6
7,944,119,2.12E-05,0,0,0,0,0.211,0.699,0,0.652,0.128,0.105,0.072,0.187,9.143,-7.4761844,34.926826,5,6,6,6
7,946,238,0,0,1.06E-05,0.005,0.036,0.367,0.638,0,1.288,0.252,0.111,0.119,3.478,5.272,14.570751,16.955084,5,6,6,6
7,948,876,0,2.88E-06,1.30E-05,0,0.009,0.19,0.709,0,0.722,0.165,0.108,0.074,0.189,8.657,-5.3894596,32.611496,5,6,6,6
7,962,301,0,0,1.26E-05,0,0.051,0.176,0.652,0,0.655,0.179,0.099,0.089,0.224,7.432,-6.7747407,30.745752,5,6,6,6
7,1073,613,0,0.0002007,0,4.54E-05,0.021,0.157,0.65,0,0.617,0.185,0.101,0.08,0.193,5.486,-6.9035773,30.37848,5,6,6,6
7,1094,1133,3.44E-05,3.01E-05,0,0,0.084,0.209,0.598,0,0.579,0.211,0.114,0.146,0.146,6.948,-7.4777007,29.535511,5,6,6,6
7,1110,1348,0,1.88E-06,2.81E-06,0,0.082,0.134,0.612,0,0.63,0.235,0.097,0.092,0.391,4.433,-6.6779532,29.201866,5,6,6,6
7,1159,1143,0.015,0.062,2.21E-06,0.0004358,0.075,0.29,1.077,0,0.867,0.263,0.115,0.107,1.6,4.618,5.941886,34.58159,5,6,6,6
7,1253,469,0.026,0,0,0,0.053,0.232,0.638,0,0.743,0.23,0.106,0.093,0.138,6.001,-4.3007083,29.666712,5,6,6,6
7,1424,918,0,0,5.85E-06,0,0.076,0.124,0.643,0.001,0.673,0.212,0.093,0.093,0.167,4.083,-6.4639416,29.891987,5,6,6,6
7,1458,205,0,0,0,0,0.08,0.127,0.608,0,0.609,0.256,0.108,0.089,0.203,3.876,-6.791211,28.548082,5,6,6,6
7,1477,1984,0,1.40E-05,1.91E-06,0.007,0.076,0.126,0.63,0,0.84,0.194,0.089,0.07,0.174,4.871,-2.523548,30.984308,5,6,6,6
7,1619,726,0.0003024,0.005,0,0,0.059,0.122,0.544,0,0.642,0.243,0.116,0.112,3.868,3.728,-7.7823706,26.409819,5,6,6,6
8,654,237,4.27E-05,0,0,0.001,0.04,0.141,0.444,0.001,1.161,0.279,0.102,0.091,0.189,4.773,28.771904,-22.704037,5,6,6,6
8,746,142,0,0,0,0,0.072,0.303,0.6,0,0.748,0.397,0.17,0.086,0.181,5.684,-4.4891787,23.286716,5,6,6,6
8,747,1369,0,0,6.46E-06,0,0.045,0.303,0.718,0,0.855,0.333,0.198,0.081,0.366,7.587,2.101043,27.619747,5,6,6,6
8,764,764,2.65E-05,0,0,2.76E-05,0.06,0.33,0.728,0,0.937,0.292,0.216,0.079,0.542,11.413,3.8918538,27.753502,5,6,6,6
8,769,139,4.56E-05,0,0,0,0.091,0.406,0.683,0,0.767,0.344,0.241,0.049,0.465,12.438,2.2282264,27.977266,5,6,5,6
8,783,210,0,0,0,0,0.016,0.289,0.625,0,0.702,0.3,0.134,0.195,0.2,4.514,-4.350516,27.135338,5,6,6,6
8,796,735,0,0,0,0.003,0.051,0.256,0.635,0,0.971,0.298,0.135,0.108,0.166,6.668,5.919921,25.90781,5,6,6,6
8,815,1107,0,1.77E-05,1.14E-05,0.006,0.097,0.213,0.617,0,1.037,0.359,0.163,0.105,3.165,6.076,6.755368,24.880985,5,5,5,6
8,828,378,0,0.0001419,0,0.0001318,0.014,0.194,0.573,0,0.726,0.189,0.079,0.058,0.246,4.345,-6.089835,31.34674,5,6,6,6
8,873,702,7.96E-05,0.006,1.08E-05,0.01,0,0.231,0.655,0,0.921,0.098,0.116,0.074,0.278,7.672,9.558348,15.534678,5,6,6,6
8,874,549,0,0,0,0.0004695,0.097,0.253,0.621,0,0.826,0.308,0.143,0.104,0.168,5.624,-0.33662546,27.78847,5,5,5,6
8,875,1570,0.002,0.01,8.06E-07,0.0008857,0.088,0.257,0.709,0,0.842,0.255,0.174,0.129,0.219,6.968,-0.33300453,30.197987,5,6,5,6
8,896,378,0,0,0,0.0001406,0.072,0.308,0.651,0,0.822,0.302,0.134,0.212,0.158,5.512,1.4543407,27.776375,5,6,6,6
8,941,154,0,0,9.03E-05,0.008,0,0.284,0.647,0,0.998,0.095,0.132,0.05,0.328,14.23,10.198248,15.330402,5,6,6,6
8,944,65,0,0,0,0,0.074,0.269,0.765,0,0.904,0.285,0.169,0.1,0.236,6.068,3.3261561,29.435797,5,6,6,6
8,945,239,0,0,0.0006735,5.30E-06,0,0.307,0.702,0.001,0.799,0.105,0.136,0.212,2.436,12.785,-4.1422386,35.911484,5,6,6,6
8,947,232,0,0,6.75E-05,0.008,0,0.247,0.622,0,1.04,0.097,0.118,0.073,0.213,10.892,10.384122,15.330114,5,6,6,6
8,948,549,0.0005892,0,4.52E-05,0,0.047,0.256,0.509,0,0.641,0.2,0.108,0.102,1.741,4.095,-9.735164,31.028717,5,6,6,6
8,959,204,0,0,0,0,0,0.152,0.462,0,0.568,0.098,0.086,0.071,0.202,6.794,-15.508562,33.768616,5,6,6,6
8,966,334,0,0,0,0,0.035,0.132,0.449,0,0.552,0.386,0.119,0.078,0.114,2.297,-34.792274,-31.535425,5,6,6,6
8,970,393,3.78E-05,0.043,4.83E-05,0.0005258,0,0.294,0.851,0,0.67,0.097,0.106,0.239,0.202,8.675,-1.115737,36.36874,5,6,6,6
8,987,335,0,0,0,0,0.026,0.151,0.497,0,0.587,0.354,0.112,0.078,0.115,2.604,-7.9507003,25.086866,5,6,6,6
8,1002,398,0,0,1.27E-05,5.50E-05,0.078,0.187,0.561,0,0.756,0.235,0.12,0.161,0.138,3.16,-4.5505743,29.790936,5,6,6,6
8,1056,888,8.55E-06,7.09E-06,3.70E-05,0.003,0.027,0.231,0.64,0,0.872,0.209,0.112,0.092,0.222,6.198,-1.307764,30.92604,5,6,6,6
8,1057,141,0,0,0,0,0.048,0.311,0.663,0.001,0.845,0.315,0.161,0.091,0.248,8.726,1.7120606,27.671513,5,6,6,6
8,1071,718,0.113,0,0,0.091,0.047,0.525,0.601,0,3.799,0.267,0.131,0.122,3.369,6.607,48.829742,35.63772,5,6,4,6
8,1097,347,0,0.0001748,0,0.12,0.085,0.242,0.732,0,3.723,0.289,0.124,0.115,0.182,4.277,34.36255,40.608467,5,6,4,6
8,1113,178,0,0,0,0,0.033,0.091,0.329,0,0.559,0.268,0.064,0.068,0.06,2.663,-28.52674,3.1071682,5,6,6,6
8,1115,401,0,0,5.83E-05,0,0,0.267,0.605,0.001,0.7,0.097,0.165,0.715,0.17,6.38,-8.24561,34.817158,5,6,6,6
8,1130,482,0,2.36E-05,1.57E-05,0,0.04,0.184,0.609,0,0.748,0.311,0.132,0.071,0.582,3.554,-3.2374065,27.980915,5,6,6,6
9,132,136,0,0,0,1.63E-05,0.099,0.093,0.212,0,0.746,0.201,0.117,0.055,0.031,4.802,-4.148504,-3.090377,5,5,5,6
9,242,70,0,0,0,0,0.031,0.211,0.2,0,0.44,0.276,0.097,0.256,0.037,6.897,-39.969913,0.05011114,5,6,6,6
9,274,77,0,0,0.0002611,0,0.033,0.091,0.316,0.002,0.37,0.218,0.132,0.077,4.122,9.538,-57.309647,2.4638016,5,6,6,6
9,297,184,0,0,0,0,0.044,0.165,0.232,0,0.434,0.198,0.086,0.161,0.054,6.674,-47.65218,11.264098,5,6,6,6
9,331,163,0,0.008,3.10E-05,0,0.085,0.137,0.37,0,0.562,0.249,0.105,0.099,0.048,5.927,-21.440367,-10.954438,5,6,6,6
9,396,387,0,0,0,0,0.002,0.121,0.162,0,0.343,0.142,0.069,0.092,0.039,7.458,-39.477337,27.259632,5,6,6,6
9,399,141,0,0,0,0,0.036,0.127,0.177,0,0.394,0.167,0.073,0.083,0.047,7.072,-47.754475,13.833082,5,6,6,6
9,402,109,0,0,0,0,0.013,0.137,0.175,0,0.329,0.161,0.073,0.082,0.045,7.238,-39.43805,27.478209,5,6,6,6
9,408,96,0,0,0,0,0.031,0.111,0.195,0,0.554,0.253,0.076,0.056,0.029,4.773,-24.357492,0.18859111,5,6,6,6
9,419,103,0,0,0,0,0.008,0.146,0.209,0,0.406,0.192,0.101,0.095,0.032,4.583,-48.459927,12.236147,5,6,6,6
9,420,280,0,0,0,0,0.000636,0.101,0.204,0,0.36,0.144,0.104,0.087,0.053,6.152,-38.351074,28.028234,5,6,6,6
9,421,319,0,0,0,0,0.094,0.097,0.193,0,0.446,0.204,0.086,0.077,0.077,6.792,-48.32148,8.386051,5,6,5,6
9,442,216,0,0,0,0,0.017,0.108,0.219,0,0.385,0.175,0.09,0.073,0.283,6.127,-49.026695,13.327133,5,6,6,6
9,454,63,0,0,2.01E-05,0,0.002,0.109,0.184,0.001,0.339,0.199,0.072,0.054,0.033,5.265,-52.207043,15.478713,5,6,6,6
9,460,505,0,0,1.71E-05,5.01E-06,0.076,0.087,0.254,0,0.393,0.201,0.065,0.085,2.199,6.224,-50.77981,12.7840185,5,6,6,6
9,476,357,0,0,0,0,0.054,0.104,0.202,0,0.355,0.213,0.079,0.075,0.042,5.46,-52.782467,13.535965,5,6,6,6
9,627,67,0,0,3.77E-05,0.053,0.026,0.107,0.244,0,3.33,0.188,0.055,0.193,0.064,8.723,43.11305,36.211266,5,6,6,6
9,633,253,0,0,0,0,0.047,0.103,0.199,0,0.468,0.207,0.076,0.091,0.037,6.798,-47.200184,6.8996534,5,6,6,6
9,712,173,0,0,0,0,0.007,0.1,0.151,0,0.426,0.177,0.039,0.059,0.267,6.382,-46.095802,14.347125,5,6,6,6
9,733,84,0,0,0,0,0.089,0.129,0.224,0,0.568,0.259,0.09,0.157,0.043,5.184,-25.887375,0.56239605,5,6,5,6
9,735,308,0,0,0,0,0.07,0.102,0.219,0,0.575,0.262,0.083,0.066,0.038,5.547,-24.963373,0.2666359,5,6,6,6
9,743,167,0,0,6.03E-05,0,0.075,0.134,0.24,0,0.53,0.218,0.106,0.095,0.045,9.822,-42.875732,3.4452672,5,6,6,6
9,763,192,0,0,0,0,0.063,0.08,0.12,0,0.241,0.169,0.033,0.032,0.032,6.18,-49.369183,31.998568,5,6,6,6
9,783,591,0,0,0,0,0.059,0.101,0.223,0,0.611,0.217,0.099,0.065,0.101,7.302,-19.785597,2.3865912,5,6,6,6
9,874,172,0,0,0,0.002,0.027,0.105,0.206,0,0.888,0.197,0.067,0.089,0.257,7.601,7.0556684,-5.292136,5,6,6,6
9,918,437,0,0,0,0,0.066,0.125,0.176,0,0.473,0.19,0.08,0.091,0.064,9.562,-45.246845,7.447285,5,6,6,6
9,974,147,0,0,0,0,0.082,0.081,0.173,0,0.728,0.293,0.076,0.078,0.022,4.655,-6.9235206,-7.0553784,5,6,6,6
9,992,185,0,0,0,0,0.056,0.085,0.141,0,0.282,0.191,0.037,0.031,0.034,6.18,-54.894333,18.556446,5,6,6,6
9,993,375,0,0,0,0.008,0.072,0.08,0.181,0,0.682,0.211,0.055,0.056,0.247,7.665,-15.154867,0.87744826,5,6,6,6
9,1009,489,0,0,0,0.002,0.055,0.113,0.206,0,0.94,0.236,0.107,0.069,0.038,5.3,8.423576,-7.198001,5,6,6,6
9,1048,396,0,0,0,0.0005567,0.092,0.101,0.201,0,0.638,0.223,0.075,0.059,0.039,7.977,-16.715801,0.8581887,5,6,5,6
9,1058,179,0,0,0,0,0.034,0.058,0.155,0.001,0.411,0.193,0.085,0.059,0.038,7.503,-46.61804,14.971922,5,6,6,6
9,1063,305,0,0,0,0,0.021,0.104,0.253,0,0.615,0.2,0.086,0.076,0.569,8.827,-19.906408,3.333708,5,6,6,6
9,1065,83,0,0,0,0.141,0.016,0.118,0.32,0,3.98,0.21,0.131,0.096,0.096,18.023,51.646114,37.547718,5,6,4,6
9,1068,469,0,0,0,0,0.091,0.092,0.169,0,0.411,0.208,0.066,0.059,0.03,5.991,-49.84386,10.986783,5,6,5,6
9,1071,576,0,2.20E-06,3.50E-05,0,0.089,0.091,0.267,0.001,0.418,0.248,0.113,0.059,2.561,6.92,-54.722343,4.007949,5,6,5,6
9,1084,285,0,0,0,0,0.01,0.121,0.185,0,0.454,0.193,0.062,0.087,0.038,7.347,-47.19828,8.549085,5,6,6,6
9,1089,229,0,0,0,0,0.084,0.109,0.164,0,0.468,0.203,0.075,0.067,0.032,5.783,-46.136635,7.5916224,5,6,6,6
9,1126,91,0,0,0,0,0.095,0.095,0.193,0,0.449,0.234,0.066,0.052,0.033,9.518,-48.99883,7.300727,5,5,5,6
9,1139,368,0,0,3.44E-06,0,0.055,0.098,0.199,0,0.731,0.233,0.099,0.06,0.029,6.08,-6.353231,-4.126195,5,6,6,6
9,1144,198,0,0,0,0.002,0.038,0.14,0.242,0,1.021,0.198,0.087,0.067,0.05,11.219,10.68703,-5.8112,5,6,6,6
9,1171,92,0,0,0,0,0.003,0.112,0.181,0,0.784,0.189,0.086,0.066,0.057,7.117,-1.9153208,-3.294804,5,6,6,6
9,1173,78,0,0,0,0,0.047,0.139,0.168,0,0.389,0.238,0.072,0.046,0.077,6.141,-53.03178,11.8595495,5,6,6,6
9,1200,82,0,0,0,4.63E-05,0.039,0.107,0.182,0,1.227,0.211,0.087,0.073,0.068,10.89,22.224232,-2.7056794,5,6,6,6
9,1231,366,0,0,4.48E-05,0,0.027,0.1,0.237,0.002,0.852,0.177,0.083,0.071,0.05,15.526,3.1041617,-0.76805836,5,6,6,6
9,1233,37,0,0,0,0,0.039,0.101,0.243,0,0.762,0.216,0.122,0.103,0.027,9.308,-4.005644,-3.5431626,5,6,6,6
9,1238,81,0,0,0,0,0.038,0.158,0.243,0,0.578,0.211,0.089,0.103,0.039,8.449,-21.404455,4.171212,5,6,6,6
9,1246,292,0,0,0,0.0006719,0.097,0.126,0.248,0,0.814,0.235,0.099,0.058,0.041,12.114,0.3144988,-7.111495,5,5,5,6
9,1252,273,0,0,0,0,0.032,0.129,0.225,0,0.509,0.232,0.097,0.073,0.051,12.898,-43.825993,2.776614,5,6,6,6
9,1285,78,0,0,0,0,0.011,0.135,0.262,0,0.397,0.191,0.093,0.074,0.04,10.678,-50.18554,13.460789,5,6,6,6
9,1286,425,0,0,0,0.0001917,0.07,0.141,0.261,0,1.208,0.235,0.093,0.078,0.038,8.692,21.392979,-3.4999382,5,6,6,6
9,1294,366,0,0,0,0,0.046,0.126,0.209,0,0.42,0.224,0.083,0.055,0.036,7.187,-50.61051,8.420471,5,6,6,6
9,1304,54,0,0,0,0,0.053,0.089,0.204,0,0.693,0.227,0.066,0.062,0.023,7.429,-8.116574,-2.9669416,5,6,6,6
9,1351,161,0,0,0.0001353,8.66E-05,0.001,0.113,0.267,0.002,0.85,0.16,0.096,0.089,0.045,20.747,2.704131,-0.39670587,5,6,6,6
9,1361,135,0,0,9.35E-05,0,0.035,0.151,0.288,0,1.086,0.216,0.125,0.069,0.046,15.196,16.454205,-5.796604,5,6,6,6
9,1364,296,0,0,4.27E-06,0.005,0.07,0.137,0.218,0,0.686,0.208,0.083,0.126,0.118,7.844,-10.608377,-0.21315868,5,6,6,6
9,1395,353,0,0,1.07E-05,0,0.051,0.099,0.182,0,0.589,0.197,0.074,0.054,0.046,8.389,-21.702448,6.6063,5,6,6,6
9,1396,52,0,0,0,0.0002666,0.041,0.146,0.209,0,1.033,0.245,0.085,0.07,0.121,8.03,11.645111,-7.1162786,5,6,6,6
9,1444,177,0,0.091,0,0,0.072,0.109,1.244,0,0.583,0.212,0.097,0.076,0.021,11.713,4.8634844,36.956547,5,6,6,6
9,1466,296,0,0,0,0,0.068,0.077,0.158,0,0.588,0.201,0.059,0.064,0.036,7.511,-21.172375,8.558158,5,6,6,6
9,1475,305,0,0,0,0.006,0.076,0.075,0.196,0,1.022,0.224,0.065,0.069,0.037,6.746,10.804608,-6.1906204,5,6,6,6
9,1513,153,0,0,0,0,0.035,0.137,0.199,0,0.492,0.189,0.08,0.082,0.046,6.957,-43.9384,6.5689583,5,6,6,6
9,1572,299,0,0,0,0,0.042,0.12,0.194,0,0.583,0.192,0.091,0.069,0.033,10.915,-22.139946,6.530605,5,6,6,6
9,1602,118,0,0,0,0.003,0.062,0.082,0.225,0,0.702,0.205,0.078,0.067,0.043,9.363,-7.834405,-2.2595336,5,6,6,6
9,1679,144,0,0,0,0,0.089,0.127,0.258,0,0.986,0.208,0.087,0.077,0.062,13.686,9.759303,-5.738406,5,6,5,6
9,1707,531,0,0,4.77E-06,0.04,0.05,0.077,0.185,0,1.262,0.219,0.063,0.058,0.037,7.378,23.272419,-2.4038088,5,6,6,6
9,1723,399,0,0,0,0.087,0.047,0.102,0.183,0,2.226,0.2,0.073,0.077,0.051,8.478,39.235485,17.052588,5,6,4,6
9,1724,245,0,0,0,0,0.003,0.113,0.243,0,0.863,0.163,0.094,0.075,0.078,15.68,3.1842473,-0.46319178,5,6,6,6
9,1730,119,0,0,0,0.139,0.072,0.128,0.227,0,3.204,0.22,0.069,0.13,0.02,6.021,41.81811,34.69135,5,6,4,6
9,1753,236,0,0,0,0.019,0.084,0.089,0.208,0,1.355,0.25,0.097,0.061,0.059,6.462,27.159485,-1.6845886,5,6,6,6
9,1759,584,0,0,2.17E-06,0.065,0.098,0.105,0.216,0,1.888,0.216,0.089,0.071,0.044,10.807,37.915985,7.8639174,5,5,5,6
9,1761,126,0,0,0,0,0.002,0.123,0.233,0,0.92,0.182,0.104,0.076,0.103,13.329,7.7532454,-5.1366463,5,6,6,6
9,1777,124,0,0,0,0.0001335,0.034,0.139,0.242,0,0.971,0.198,0.124,0.08,0.148,14.612,9.341072,-5.6212125,5,6,6,6
9,1809,232,0,0,5.99E-05,0.032,0.027,0.163,0.302,0.001,1.358,0.203,0.109,0.144,2.423,13.067,26.82642,-0.60382205,5,6,6,6
9,1838,254,0,0,0,0.048,0.049,0.133,0.258,0,1.84,0.215,0.117,0.092,0.783,14.547,37.783287,6.4164314,5,6,6,6
9,1862,202,0,0,0,0.074,0.069,0.163,0.335,0,3.117,0.217,0.106,0.133,2.469,13.692,40.398537,33.983994,5,6,4,6
9,1864,473,0,0,5.34E-06,0.016,0.065,0.128,0.215,0,0.802,0.205,0.082,0.065,0.031,7.198,-1.3471189,-3.861306,5,6,6,6
9,1884,262,0,0,0,0.0005273,0.058,0.11,0.183,0,0.566,0.187,0.069,0.059,0.039,9.234,-22.48339,7.0035524,5,6,6,6
9,1897,186,0,0,4.74E-05,0,0.053,0.142,0.202,0,0.575,0.246,0.095,0.073,0.205,6.705,-21.736538,1.2129498,5,6,6,6
9,1898,84,0,0,0,0,0.041,0.115,0.229,0,0.741,0.204,0.117,0.065,0.079,13.177,-4.2455645,-3.01723,5,6,6,6
9,1901,518,0,0,9.77E-06,0.222,0.08,0.102,0.254,0,4.565,0.213,0.078,0.106,0.076,10.181,57.851078,33.089146,5,6,4,6
9,1954,246,0,0,2.31E-05,0,0.079,0.113,0.227,0,0.689,0.25,0.105,0.071,0.043,16.894,-9.588103,-2.7636,5,6,6,6
9,1974,112,0,0,0,0.14,0.011,0.16,0.201,0,2.585,0.197,0.076,0.21,0.036,4.098,40.24896,24.458563,5,6,4,6
9,2002,319,0,0,0,0,0.0002537,0.112,0.167,0,0.543,0.148,0.052,0.047,0.041,11.475,-24.796507,13.965778,5,6,6,6
9,2021,133,0,0,0,0.014,0.048,0.13,0.253,0,1.442,0.243,0.106,0.076,0.049,15.506,29.001907,-1.0402054,5,6,6,6
9,2026,374,0,0,0,0,0.098,0.111,0.157,0,0.463,0.198,0.054,0.059,0.035,8.639,-46.03073,7.9053164,5,5,5,6
9,2054,331,0,0,9.56E-06,0,0.037,0.133,0.203,0.001,0.479,0.195,0.087,0.105,0.038,11.381,-44.326862,6.634964,5,6,6,6
9,2069,373,0,0,0.005,0,0,0.105,0.156,0.001,0.609,0.126,0.051,0.056,0.039,6.812,-18.971224,11.897179,5,6,6,6
9,2070,480,0,0,0,0.011,0.088,0.109,0.193,0,0.64,0.21,0.076,0.065,0.034,6.366,-16.403036,1.2218348,5,6,5,6
9,2080,172,0,0,0,0,0.001,0.085,0.148,0,0.386,0.147,0.041,0.053,0.071,7.296,-40.393017,22.314816,5,6,6,6
9,2111,129,0,0,0,0,0.036,0.108,0.187,0,0.375,0.194,0.073,0.076,0.136,5.831,-48.77292,13.997621,5,6,6,6
9,2127,308,0,0,0,0.019,0.095,0.103,0.234,0,0.814,0.259,0.083,0.071,0.034,4.571,-0.19938315,-7.352933,5,5,5,6
9,2146,57,0,0,0,0,0.039,0.109,0.199,0,0.422,0.191,0.069,0.054,0.042,6.68,-48.541042,10.869663,5,6,6,6
9,2174,201,0,0,0,0.012,0.04,0.118,0.263,0,1.088,0.216,0.104,0.065,0.036,12.209,16.953482,-5.753877,5,6,6,6
9,2188,257,0,0,0,0,0.063,0.114,0.184,0,0.5,0.228,0.078,0.057,0.025,5.486,-45.97119,4.5724015,5,6,6,6
9,2211,157,0,0,0,0,0.062,0.117,0.265,0,0.848,0.202,0.102,0.075,0.039,13.431,3.9017508,-5.4373045,5,6,6,6
9,2224,131,0,0,0,0,0.057,0.141,0.216,0,0.75,0.225,0.083,0.1,0.028,7.597,-3.5920577,-3.182654,5,6,6,6
9,2229,159,0,0,0,7.96E-06,0.091,0.094,0.181,0,0.699,0.219,0.074,0.05,0.032,8.575,-7.888231,-3.03791,5,6,5,6
9,2235,183,0,0,0,0,0.051,0.139,0.191,0,0.482,0.258,0.076,0.084,0.03,7.059,-47.74683,0.840462,5,6,6,6
9,2245,178,0,0.0009827,0,0,0.056,0.114,0.289,0,0.903,0.245,0.115,0.078,0.05,10.325,5.2915645,-6.6009016,5,6,6,6
9,2248,89,0,0.001,0,0,0,0.301,0.305,0,0.542,0.12,0.076,0.467,0.043,12.613,-22.050198,26.573624,5,6,6,6
9,2281,112,0,0,0,0,0.073,0.202,0.175,0.001,0.379,0.228,0.096,0.128,0.051,6.605,-39.155174,13.051824,5,6,6,6
9,2307,133,0,0,0,0.0001046,0.001,0.133,0.26,0,0.8,0.187,0.086,0.136,0.043,9.123,0.690878,-2.2740245,5,6,6,6
9,2315,260,0,0,0,0,0.075,0.1,0.175,0,0.402,0.188,0.069,0.057,0.049,8.519,-47.650074,13.956391,5,6,6,6
9,2317,585,0,0,2.16E-05,2.81E-05,0.083,0.108,0.245,0,0.583,0.218,0.079,0.059,1.229,11.145,-21.18404,3.2029097,5,6,6,6
9,2322,185,0,0,0,0.016,0.081,0.087,0.167,0.001,0.78,0.255,0.065,0.057,0.057,5.628,-2.4539397,-5.8341346,5,6,6,6
9,2329,172,0,0,2.20E-05,0,0.018,0.142,0.247,0,0.719,0.225,0.115,0.047,0.076,5.507,-5.726211,-2.2850003,5,6,6,6
9,2337,82,0,0,0,0,0.077,0.127,0.187,0,0.334,0.27,0.093,0.114,0.256,6.626,-55.629726,13.857743,5,6,6,6
9,2344,125,0,0,0,0.008,0.003,0.091,0.248,0,1.69,0.182,0.095,0.086,0.063,14.842,34.924667,4.082458,5,6,6,6
9,2359,138,0,0,0,0,0.06,0.125,0.22,0,0.503,0.249,0.134,0.061,0.318,6.527,-44.941647,1.4105875,5,6,6,6
9,2374,283,0,0,0,8.93E-06,0.013,0.108,0.167,0,0.587,0.161,0.05,0.063,0.036,11.553,-20.676533,10.496817,5,6,6,6
9,2395,583,0,0,2.17E-06,0.005,0.001,0.086,0.244,0,1.07,0.165,0.079,0.062,0.064,10.582,12.404946,3.4124773,5,6,6,6
9,2400,240,0,0,0,0,0.038,0.093,0.177,0,0.498,0.194,0.069,0.061,0.035,13.553,-45.76522,6.030218,5,6,6,6
9,2402,241,0,0,0,0,0.073,0.08,0.171,0,0.423,0.193,0.062,0.06,0.035,12.085,-46.941734,14.134772,5,6,6,6
9,2483,312,0,0,0,0,0,0.067,0.17,0,0.729,0.137,0.049,0.053,0.037,6.132,-13.800398,11.904118,5,6,6,6
9,2486,160,0,0,0,5.13E-05,0.046,0.087,0.128,0,0.794,0.183,0.051,0.054,0.03,7.079,-11.349361,9.733913,5,6,6,6
9,2501,274,0,0,0,0,0,0.083,0.158,0,0.718,0.134,0.058,0.056,0.037,7.612,-14.233503,11.766875,5,6,6,6
9,2502,1225,0,0,0,1.03E-06,0.068,0.093,0.206,0,0.548,0.214,0.085,0.055,0.055,9.195,-23.782648,2.740328,5,6,6,6
9,2518,236,0,0,0,0,0.0009246,0.141,0.174,0,0.623,0.134,0.044,0.084,0.035,12,-18.4097,13.4776745,5,6,6,6
9,2529,64,0,0,0,0,0,0.086,0.191,0,0.52,0.131,0.058,0.086,0.033,9.791,-26.601318,15.40172,5,6,6,6
9,2570,196,0,0,0,0,0,0.09,0.131,0,0.417,0.117,0.033,0.047,0.024,7.572,-38.186935,21.06984,5,6,6,6
9,2588,642,0,0,7.86E-06,0.006,0.05,0.132,0.269,0,1.055,0.209,0.105,0.066,0.695,15.754,16.174555,-5.5787487,5,6,6,6
9,2606,417,0,0,0,0,0.009,0.112,0.132,0,0.381,0.159,0.059,0.087,0.035,5.544,-41.251274,22.041445,5,6,6,6
9,2684,292,0,0,0,0.015,0.088,0.143,0.201,0,0.935,0.241,0.09,0.106,0.058,7.468,8.450777,-7.9008613,5,6,5,6
9,2712,326,0,0,0,0,0.048,0.134,0.204,0,0.497,0.211,0.072,0.075,0.066,6.941,-44.194157,5.8242764,5,6,6,6
9,2782,67,0,0,0,0,0.031,0.081,0.156,0,0.427,0.224,0.075,0.04,0.022,8.36,-50.321423,10.233875,5,6,6,6
9,2801,491,0,0,2.58E-06,0,0.063,0.095,0.17,0,0.503,0.202,0.081,0.055,0.04,7.55,-45.781208,5.8729596,5,6,6,6
9,2812,224,0,0,0,0,0.059,0.087,0.196,0,0.625,0.221,0.087,0.06,0.04,7.707,-17.432459,1.0666559,5,6,6,6
9,2827,179,0,0,0,0.03,0.05,0.117,0.26,0,1.225,0.23,0.083,0.085,0.048,9.875,21.781555,-3.2552989,5,6,6,6
9,2915,342,0,0,0,0,0.058,0.074,0.142,0,0.484,0.227,0.062,0.051,0.031,4.757,-47.153267,5.2281656,5,6,6,6
9,2976,352,0,0,0,0,0.0004766,0.055,0.153,0,0.466,0.139,0.041,0.057,0.03,4.435,-36.02232,17.890425,5,6,6,6
9,2984,439,0,0,0,0,0.056,0.066,0.145,0,0.382,0.197,0.045,0.045,0.028,3.827,-46.90416,15.288776,5,6,6,6
9,3019,90,0,0,0,0,0.053,0.102,0.207,0,0.604,0.224,0.094,0.078,0.036,8.061,-19.821636,1.8239523,5,6,6,6
9,3153,77,0,0,0,0,0.014,0.101,0.186,0,0.599,0.225,0.066,0.058,0.036,10.264,-19.58622,1.3112465,5,6,6,6
9,3171,137,0,0,0,0,0.064,0.094,0.165,0,0.438,0.214,0.064,0.064,0.063,10.461,-48.50809,9.049779,5,6,6,6
9,3189,111,0,0,0,0.0002319,0.039,0.122,0.225,0,1.249,0.293,0.082,0.073,0.033,6.002,24.156155,-4.9103885,5,6,6,6
9,3239,260,0,0,0,0,0.081,0.123,0.198,0,0.554,0.188,0.069,0.057,0.042,9.999,-22.735468,6.8745174,5,6,6,6
9,3319,180,0,0,0,0,0.061,0.101,0.158,0,0.284,0.233,0.082,0.066,0.024,6.579,-55.501686,17.252663,5,6,6,6
9,3324,377,0,0,0,0,0.029,0.089,0.205,0,0.443,0.207,0.083,0.059,0.022,6.931,-48.8928,8.316242,5,6,6,6
9,3397,66,0,0,0,0,0.006,0.147,0.182,0,0.389,0.19,0.084,0.04,0.055,8.34,-48.270496,13.300342,5,6,6,6
9,3403,30,0,0,0,0,0.024,0.126,0.271,0,0.358,0.217,0.065,0.09,2.22,10.554,-50.80855,13.856157,5,6,6,6
9,3405,45,0,0,0,0.002,0.045,0.113,0.266,0,1.396,0.226,0.207,0.122,0.048,8.704,28.039782,-1.0710144,5,6,6,6
9,3407,36,0,0,0,0,0.074,0.142,0.278,0,0.619,0.233,0.106,0.052,0.048,9.389,-12.482343,2.3829563,5,6,6,6
9,3409,53,0,0,0,0,4.57E-05,0.117,0.163,0,0.471,0.14,0.083,0.101,0.038,9.122,-31.45927,17.188139,5,6,6,6
9,3410,58,0,0,0,0,0.003,0.096,0.161,0,0.463,0.174,0.067,0.065,0.03,9.095,-33.381428,17.030346,5,6,6,6
9,3411,56,0,0,0,0,0.05,0.125,0.166,0,0.48,0.239,0.077,0.044,0.028,8.399,-46.0674,6.953854,5,6,6,6
9,3446,59,0,0,0,0,0.081,0.11,0.19,0,0.555,0.229,0.075,0.071,0.021,5.666,-23.69503,1.6156338,5,6,6,6
9,3457,34,0,0,0,0,0.007,0.131,0.327,0.003,0.871,0.205,0.094,0.105,0.048,15.419,3.844619,-5.4366817,5,6,6,6
9,3468,104,0,0,0,0,0.025,0.104,0.237,0,0.674,0.246,0.106,0.05,1.193,7.549,-10.264602,-2.1716018,5,6,6,6
9,3475,68,0,0,0,0,0,0.165,0.177,0,0.539,0.123,0.065,0.095,0.032,11.657,-23.94171,15.04895,5,6,6,6
9,3477,74,0,0.114,0,0,0,0.177,1.674,0,0.56,0.143,0.067,0.493,0.031,6.685,6.8072023,38.511852,5,6,3,6
9,3482,40,0,0,0,0,0.081,0.105,0.158,0,0.472,0.255,0.066,0.069,0.048,6.982,-48.81864,1.4827996,5,6,6,6
9,3505,47,0,0,0,0,0.09,0.117,0.225,0,0.577,0.302,0.079,0.038,0.02,4.862,-26.742483,-4.8957553,5,6,5,6
10,109,52,0,0,0,0,0.05,0.301,0.34,0,0.438,0.143,0.088,0.087,0.068,11.791,-23.21147,32.972042,5,6,6,6
10,187,75,0,0,0,0,0.096,0.139,0.171,0,0.51,0.219,0.082,0.117,0.052,8.426,-44.358665,6.5578475,5,5,5,6
10,234,53,0,0.065,0,0,0.017,0.385,1.118,0,0.502,0.16,0.078,0.029,0.053,12.985,3.7312622,37.290997,5,6,6,6
10,397,292,0,0,0,0,0.063,0.102,0.242,0,0.326,0.161,0.069,0.073,0.031,3.891,-50.882618,16.713507,5,6,6,6
10,425,74,0,0,0,0,0.043,0.083,0.219,0,0.599,0.191,0.066,0.073,0.031,7.334,-20.046509,2.9998157,5,6,6,6
10,531,77,0,0,0,0,0.059,0.186,0.272,0,0.348,0.157,0.1,0.12,0.08,11.902,-32.625717,34.611572,5,6,6,6
10,669,74,0,0,0,0,0.045,0.131,0.237,0,0.564,0.198,0.071,0.075,0.036,11.25,-21.79149,4.6019516,5,6,6,6
10,703,242,0,0,0,0,0.028,0.106,0.195,0,0.398,0.173,0.077,0.061,0.04,9.166,-48.162945,13.454013,5,6,6,6
10,757,209,0,0,0,0,0.084,0.112,0.181,0,0.344,0.178,0.073,0.091,0.025,7.957,-51.54461,16.0726,5,6,6,6
10,765,191,0,0,0,0,0.067,0.125,0.165,0,0.395,0.152,0.045,0.052,0.054,10.046,-37.14389,23.087284,5,6,6,6
10,782,148,0,0,0,0,0.068,0.123,0.251,0,0.589,0.185,0.082,0.09,0.048,10.656,-21.249851,4.6127586,5,6,6,6
10,785,67,0,0,0,0,0.012,0.138,0.143,0,0.247,0.165,0.052,0.094,0.036,9.04,-54.571987,19.845884,5,6,6,6
10,821,143,0,0,0,0,0.006,0.132,0.202,0,0.41,0.136,0.081,0.123,0.047,9.724,-33.04225,20.044352,5,6,6,6
10,873,115,0,0,0,0.008,0.037,0.136,0.174,0,0.714,0.165,0.063,0.045,0.032,9.34,-14.824011,13.205379,5,6,6,6
10,883,71,0,0,0,0,0.063,0.17,0.182,0,0.447,0.221,0.092,0.131,0.045,8.656,-44.3573,9.759509,5,6,6,6
10,896,260,0,0,0,0,0.083,0.143,0.338,0,0.427,0.206,0.076,0.123,3.193,7.814,-55.834377,2.9089975,5,6,6,6
10,942,109,0,0,0,0.005,0.072,0.302,0.268,0,0.804,0.195,0.116,0.824,0.079,8.519,0.26460165,4.7653794,5,6,6,6
10,946,277,0,0,0,0,0.07,0.111,0.186,0,0.273,0.172,0.057,0.059,0.028,7.897,-54.5921,19.141933,5,6,6,6
10,993,181,0,0,0,0,0.043,0.201,0.219,0,0.376,0.197,0.086,0.162,0.034,7.454,-39.840057,12.904363,5,6,6,6
10,1004,110,0,0,0,0,0.042,0.102,0.182,0,0.252,0.172,0.056,0.055,0.025,7.217,-54.85957,19.435217,5,6,6,6
10,1009,261,0,0,1.62E-05,0,0.034,0.113,0.18,0,0.4,0.156,0.06,0.046,0.063,11.317,-47.59364,13.938532,5,6,6,6
10,1026,148,0,0,0,0,0.098,0.148,0.181,0,0.28,0.186,0.064,0.053,0.034,9.671,-53.988155,17.7658,5,5,5,6
10,1038,173,0,0,0,0,0.007,0.092,0.179,0,0.481,0.142,0.06,0.06,0.052,11.507,-30.80386,16.867682,5,6,6,6
10,1043,188,0,0,0,0,0.027,0.103,0.188,0,0.554,0.156,0.056,0.049,0.045,6.144,-24.221165,12.742361,5,6,6,6
10,1071,228,0,0,0,0,0.071,0.356,0.272,0.001,0.477,0.218,0.101,0.091,0.208,10.526,-34.493164,7.379318,5,6,6,6
10,1161,154,0,0,8.21E-06,0,0.094,0.13,0.21,0,0.778,0.193,0.072,0.067,0.174,7.861,-2.1805406,-3.1215382,5,6,5,6
10,1208,90,0,0,0,0,0.087,0.204,0.209,0,0.493,0.207,0.118,0.173,0.061,8.635,-37.069183,3.0095897,5,6,5,6
10,1233,54,0,0,0,0,0.046,0.154,0.184,0.001,0.458,0.237,0.078,0.048,0.115,7.919,-45.005707,9.188987,5,6,6,6
10,1275,131,0,0,0,0,0.099,0.148,0.198,0,0.603,0.198,0.088,0.106,0.033,7.475,-18.629648,3.1746025,5,5,5,6
10,1359,167,0,0,0,0,0.05,0.089,0.152,0,0.369,0.192,0.067,0.062,0.042,10.17,-47.332085,15.293588,5,6,6,6
10,1416,132,0,0,0,0.062,0.083,0.083,0.226,0,1.309,0.18,0.041,0.078,0.038,15.062,24.812023,-1.009789,5,6,5,6
10,2014,110,0,0,0,0,0.028,0.157,0.203,0,0.731,0.229,0.085,0.196,0.154,5.052,-3.6134531,-2.6183426,5,6,6,6
10,2212,84,0,0,0,0,0.058,0.149,0.184,0.001,0.309,0.201,0.071,0.176,0.036,8.091,-53.819675,16.902712,5,6,6,6
10,2328,187,0,0,0,0,0.041,0.197,0.243,0,0.328,0.161,0.073,0.118,1.674,7.806,-34.292934,33.72104,5,6,6,6
10,2385,186,0,0,0,0.104,0.06,0.261,0.246,0.001,1.768,0.189,0.103,0.349,0.3,9.955,35.907482,5.881824,5,6,4,6
10,2655,56,0,0,0,0,0.061,0.191,0.185,0,0.438,0.197,0.09,0.059,0.162,8.698,-43.304314,10.19404,5,6,6,6
11,16,187,0,0,0,0,0.083,0.099,0.284,0,0.518,0.293,0.067,0.083,3.149,4.694,-46.79069,-14.312792,5,6,6,6
11,19,106,0,0,0,0,0.023,0.178,0.22,0,0.72,0.264,0.062,0.158,0.043,5.326,-9.529078,-13.226041,5,6,6,6
11,39,60,0.035,0,0.0002155,0,0.045,0.739,0.258,0,0.54,0.247,0.074,0.047,0.044,11.875,-5.207646,46.379665,5,6,6,6
11,44,145,0,0,0.003,0,0.021,0.082,0.192,0.014,0.591,0.279,0.046,0.069,0.049,3.171,-23.984604,-3.6294165,5,6,6,6
11,60,103,0,0,0.005,0,0.0001615,0.196,0.218,0.003,0.682,0.213,0.056,0.419,0.041,9.806,-11.598718,0.50370437,5,6,6,6
11,63,81,0,0,0,0,0.053,0.258,0.265,0,0.389,0.284,0.071,1.017,0.049,5.557,-37.97852,8.17474,5,6,6,6
11,67,174,0,0,0.006,0,0.01,0.093,0.175,0.018,0.539,0.268,0.04,0.065,0.064,5.48,-24.582407,-1.3450491,5,6,6,6
11,74,146,0,0,0.0009615,0,7.23E-05,0.128,0.145,0.001,0.206,0.247,0.039,0.048,0.028,7.796,-56.341778,18.688976,5,6,6,6
11,85,121,0,0,0.009,0.003,0.09,0.158,0.365,0.002,1.137,0.312,0.058,0.078,0.237,6.211,19.96972,-8.8978195,5,6,5,6
11,118,71,0,0,0,0,0.02,0.167,0.234,0,0.435,0.396,0.073,0.064,0.041,10.366,-56.1379,-12.275622,5,6,6,6
11,126,161,0,1.57E-05,0,0,0.087,0.176,0.301,0,0.539,0.431,0.065,0.04,0.044,4.545,-41.11327,-30.334135,5,6,5,6
11,167,67,0,0,0,0,0.085,0.228,0.257,0,0.497,0.359,0.075,0.178,0.039,5.949,-40.78411,-19.087992,5,6,6,6
11,174,152,0,0,0,0,0.088,0.168,0.221,0,0.355,0.394,0.077,0.056,0.026,8.312,-59.284515,-7.2492766,5,6,5,6
11,238,223,0,8.24E-05,0,0,0.038,0.185,0.452,0,0.735,0.259,0.064,0.064,0.064,2.361,-7.403057,5.3160086,5,6,6,6
11,301,663,0,0,0,0.0006305,0.082,0.144,0.26,0,0.774,0.274,0.068,0.096,0.041,6.352,-2.044715,-9.860288,5,6,6,6
11,309,710,0,0,0,0,0.037,0.117,0.211,0.001,0.618,0.233,0.061,0.082,0.045,5.45,-18.81214,1.0554339,5,6,6,6
11,316,269,0,0,0,0,0.000936,0.147,0.231,0,0.462,0.223,0.063,0.119,0.038,9.73,-51.401615,4.421624,5,6,6,6
11,317,135,0,0,0,0,0.002,0.124,0.196,0,0.485,0.258,0.059,0.093,0.029,9.881,-47.619495,1.1894647,5,6,6,6
11,321,58,0,0,0,0,0.006,0.173,0.237,0,0.344,0.259,0.062,0.143,0.037,6.795,-56.870567,11.265637,5,6,6,6
11,322,311,0,0,0,0,0.087,0.148,0.223,0,0.397,0.261,0.054,0.154,0.066,5.625,-55.47569,8.150363,5,6,5,6
11,326,282,0,0,0,0,0.019,0.186,0.213,0,0.415,0.269,0.065,0.101,0.042,5.296,-40.49329,1.129785,5,6,6,6
11,328,429,0,0.059,0,0,0.052,0.136,0.738,0,0.702,0.298,0.063,0.22,0.964,2.782,-3.533741,28.658163,5,6,6,6
11,329,382,0,0,3.31E-06,1.32E-05,0.059,0.143,0.241,0,0.493,0.264,0.059,0.115,0.054,5.165,-44.162926,0.5154978,5,6,6,6
11,333,354,0,0,0,0.004,0.055,0.204,0.304,0,1.284,0.315,0.081,0.342,0.222,4.52,25.597443,-4.337034,5,6,6,6
11,350,456,0,0,0,0,0.008,0.125,0.204,0,0.59,0.271,0.065,0.091,0.033,7.118,-21.60931,-1.2782848,5,6,6,6
11,351,289,0,0,0,0,0.002,0.15,0.213,0,0.455,0.243,0.069,0.083,0.032,8.819,-50.999134,5.1720862,5,6,6,6
11,354,159,0,0,0,0,0.012,0.158,0.225,0,0.381,0.279,0.062,0.147,0.04,6.245,-56.702076,9.712983,5,6,6,6
11,363,277,0,0,0,0,0.06,0.174,0.203,0,0.37,0.269,0.067,0.134,0.04,5.212,-57.067066,10.478319,5,6,6,6
11,366,328,0,0,0,0,0.011,0.132,0.194,0,0.548,0.286,0.064,0.069,0.029,6.787,-27.756403,-2.9614108,5,6,6,6
11,375,313,0,0,0,0,0.089,0.201,0.327,0,0.768,0.339,0.082,0.212,1.847,5.076,-6.820613,-23.348618,5,6,5,6
11,381,369,0,0.002,0,0.025,0.084,0.112,0.45,0,1.837,0.315,0.061,0.098,0.07,4.389,45.440052,0.74405324,5,6,5,6
11,384,474,0,0,0,0,0.081,0.133,0.216,0,0.542,0.309,0.073,0.097,0.029,6.23,-28.298933,-3.7284124,5,6,6,6
11,385,82,0,0,0,0,0.005,0.111,0.251,0,0.623,0.298,0.066,0.109,0.035,7.247,-18.19015,-4.6304884,5,6,6,6
11,393,252,0,0,0,0,0.077,0.181,0.373,0.001,0.631,0.295,0.067,1.282,3.782,7.192,-20.740181,-11.349892,5,6,6,6
11,403,181,0,0,0,0,0.002,0.158,0.243,0,0.45,0.243,0.069,0.146,0.042,7.674,-52.16165,4.0297346,5,6,6,6
11,414,470,0,0,0,0,0.02,0.137,0.193,0,0.435,0.298,0.069,0.086,0.029,7.783,-52.25959,-2.667609,5,6,6,6
11,435,361,0,0.0001238,0,0,0.062,0.151,0.279,0,0.677,0.286,0.068,0.097,0.04,3.558,-11.792672,-1.8635688,5,6,6,6
11,437,509,0,0,0,0,0.072,0.152,0.206,0,0.393,0.273,0.07,0.137,0.045,5.364,-55.95409,9.110055,5,6,6,6
11,457,201,0,0,0,0,0.057,0.198,0.235,0,0.6,0.299,0.075,1.016,0.051,4.524,-18.772245,-12.603012,5,6,6,6
11,462,462,0,0,0,0,0.08,0.16,0.322,0,0.675,0.308,0.079,0.088,0.048,7.471,-19.607141,-10.283292,5,6,6,6
11,488,134,0,0,0,4.70E-05,0.079,0.152,0.243,0,0.778,0.32,0.068,0.18,0.035,6.707,-3.5394645,-18.753843,5,6,6,6
11,509,1513,0,0,0,0,0.057,0.128,0.251,0,0.661,0.28,0.065,0.077,0.666,6.272,-12.272615,-2.7722695,5,6,6,6
11,510,139,0,0,0,8.70E-05,0.052,0.163,0.201,0,0.521,0.265,0.06,0.241,0.034,5.612,-35.669167,-4.730542,5,6,6,6
11,565,128,0,0,0,0,0.067,0.142,0.24,0,0.739,0.302,0.064,0.166,0.039,6.643,-5.4462366,-11.894183,5,6,6,6
11,590,194,0,0,6.52E-06,0,0.039,0.15,0.208,0.002,0.542,0.276,0.076,0.149,0.074,10.853,-29.864878,-4.1923122,5,6,6,6
11,593,200,0,0,0,0,0.043,0.098,0.199,0,0.512,0.324,0.063,0.08,0.106,6.142,-47.63012,-8.0218725,5,6,6,6
11,596,315,0,0,0,0,0.019,0.105,0.205,0,0.659,0.28,0.062,0.068,0.035,5.31,-13.067229,-4.0953455,5,6,6,6
11,604,298,0,9.84E-05,0,0,0.09,0.115,0.318,0.001,0.399,0.264,0.051,0.06,0.042,8.509,-56.948627,2.1405847,5,6,5,6
11,605,315,0,0,0,0,0.083,0.174,0.22,0,0.597,0.308,0.07,0.203,0.064,4.383,-29.3395,-8.902263,5,6,6,6
11,607,676,0,0,0,0,0.077,0.116,0.2,0,0.442,0.286,0.063,0.089,0.031,5.264,-51.933525,-1.8498737,5,6,6,6
11,627,281,0,0,0,0,0.093,0.213,0.193,0,0.435,0.288,0.075,0.187,0.043,9.408,-40.113125,-0.29735526,5,6,5,6
11,633,194,0,0,0,0,0.073,0.19,0.259,0,0.618,0.295,0.084,0.127,0.048,7.239,-23.022429,-15.959122,5,6,6,6
11,641,209,0,0,0,0,0.075,0.228,0.242,0,0.645,0.297,0.085,0.137,0.036,7.289,-15.307068,-14.815353,5,6,6,6
11,658,538,0,0,0,0,0.046,0.111,0.213,0,0.55,0.294,0.062,0.07,0.031,6.842,-26.903967,-2.608391,5,6,6,6
11,662,434,0,0,0,0,0.033,0.165,0.236,0,0.613,0.266,0.071,0.068,0.045,11.029,-19.15324,-6.836485,5,6,6,6
11,689,449,0,0,0,0,0.004,0.129,0.208,0,0.483,0.249,0.064,0.078,0.038,7.824,-47.492397,1.7563231,5,6,6,6
11,690,159,0,0,0,0,0.095,0.298,0.32,0,0.877,0.337,0.109,0.139,0.088,15.915,7.6828427,-28.60829,5,5,5,6
11,715,224,0,0,0,0,0.02,0.125,0.212,0,0.551,0.272,0.067,0.087,0.038,8.54,-26.945803,-1.1100307,5,6,6,6
11,732,290,0,0,0,0,0.03,0.123,0.213,0,0.555,0.255,0.062,0.068,0.029,6.354,-25.63287,0.34597132,5,6,6,6
11,739,165,0.0001896,0,0,0,0.087,0.471,0.246,0,0.518,0.288,0.071,0.072,0.031,9.49,-32.079777,8.851964,5,6,5,6
11,744,150,0,0,0,0,0.071,0.123,0.194,0,0.533,0.297,0.067,0.107,0.028,7.827,-46.32165,-7.265987,5,6,6,6
11,745,350,3.61E-06,0,0.007,0,0.071,0.194,0.217,0.001,0.641,0.282,0.082,0.09,0.046,7.248,-15.736909,-11.355911,5,6,6,6
11,752,411,0,0,0.002,0,0.075,0.13,0.232,0.004,0.507,0.313,0.067,0.101,0.043,4.515,-48.760254,-8.663799,5,6,6,6
11,765,264,0,0,0.002,0,4.79E-06,0.127,0.198,0.001,0.445,0.205,0.046,0.116,0.064,4.886,-47.9868,8.834156,5,6,6,6
11,773,275,0,0,0.0001815,9.20E-06,0.023,0.141,0.243,0.001,0.584,0.288,0.055,0.069,0.039,5.156,-28.28685,-5.92398,5,6,6,6
11,800,188,0,0,3.03E-05,0,0.002,0.142,0.264,0.003,0.588,0.254,0.058,0.097,0.06,15.02,-20.088709,-6.4260035,5,6,6,6
11,814,184,0,0,0.023,0,0.001,0.117,0.306,0.013,0.775,0.241,0.053,0.056,0.043,12.902,1.555716,-5.6743665,5,6,6,6
11,815,174,0,0,0.078,0,0.004,0.092,0.245,0.055,0.999,0.264,0.046,0.069,0.072,6.437,10.882275,-7.0326514,5,6,6,6
11,818,198,0,0,0.056,0,0.0009987,0.134,0.34,0.061,0.873,0.22,0.058,0.091,0.052,13.13,3.8103006,-5.4706674,5,6,6,6
11,820,404,0,0,0.0005902,0,0.001,0.137,0.188,0.002,0.53,0.207,0.047,0.034,0.051,7.866,-43.315666,4.950201,5,6,6,6
11,831,402,0,0,0,0,0.036,0.106,0.223,0,0.548,0.292,0.066,0.078,0.038,6.275,-27.102442,-2.305565,5,6,6,6
11,835,237,0,0,0.009,0,1.60E-05,0.115,0.237,0.007,0.714,0.218,0.049,0.049,0.047,4.406,-6.1674986,-2.659624,5,6,6,6
11,841,250,0.0002707,0,0.007,0.109,0.007,0.118,0.225,0.004,2.838,0.277,0.051,0.078,0.064,7.433,39.012672,29.419289,5,6,6,6
11,842,551,0,0,0,0,0.067,0.129,0.224,0.001,0.565,0.255,0.059,0.136,0.045,3.929,-25.880058,0.7216073,5,6,6,6
11,844,249,0,0,0.053,0.147,5.16E-05,0.114,0.213,0.037,3.552,0.222,0.033,0.064,0.094,9.446,45.17302,38.576828,5,6,4,6
11,857,154,0,0,0.012,5.75E-05,0,0.388,0.204,0.026,0.826,0.196,0.053,0.065,0.157,10.395,0.40837994,5.7164073,5,6,6,6
11,874,166,0,0,0,0,0.093,0.229,0.274,0,0.673,0.301,0.084,0.277,0.052,5.021,-14.291319,-15.768869,5,6,5,6
11,904,271,0,0,0.073,0.006,0.03,0.115,0.279,0.077,1.283,0.288,0.05,0.056,0.076,7.5,25.316566,-3.227698,5,6,6,6
11,938,162,0,0,0.173,0.021,0.124,0.077,0.257,0.168,1.88,0.338,0.043,0.075,0.047,3.534,39.512928,6.5809903,5,5,1,6
11,946,570,0,0,4.43E-06,0,0.053,0.237,0.264,0,0.503,0.273,0.073,0.659,0.043,7.286,-35.507404,0.89838606,5,6,6,6
11,976,175,0,0,0,0,0.067,0.206,0.225,0,0.481,0.264,0.071,0.56,0.046,6.332,-37.647804,0.8253029,5,6,6,6
11,1035,82,0,0,0,0,0.093,0.187,0.235,0,0.473,0.321,0.089,0.443,0.048,6.847,-41.19507,-7.9657354,5,6,5,6
11,1082,145,0,0,9.15E-05,0,0.003,0.112,0.201,0.006,0.5,0.235,0.045,0.093,0.101,16.092,-45.83953,3.3059144,5,6,6,6
11,1111,195,0,0,0.006,0.002,3.44E-05,0.188,0.248,0.004,0.78,0.244,0.051,0.134,0.21,8.578,-1.088385,-9.312279,5,6,6,6
11,1142,72,0,0,0.016,0,3.94E-05,0.216,0.283,0.014,0.599,0.191,0.062,0.278,0.048,9.197,-18.101765,7.569424,5,6,6,6
11,1148,68,0,0,0,0,0.071,0.159,0.203,0,0.51,0.33,0.053,0.058,0.064,10.52,-39.35411,-12.159474,5,6,6,6
11,1159,168,0,0,0,0,0.003,0.218,0.248,0,0.457,0.214,0.052,1.165,0.039,5.757,-37.752266,3.326113,5,6,6,6
11,1187,305,0,0,4.55E-05,0,0.003,0.142,0.225,0,0.763,0.238,0.05,0.08,0.066,11.1,-3.4219387,-3.5929945,5,6,6,6
11,1197,179,0,0.000363,0.108,4.46E-05,0.064,0.107,0.615,0.078,0.787,0.271,0.049,0.069,0.186,10.377,-2.8966064,29.256876,5,1,1,6
11,1227,225,0,0,5.62E-06,0,0.024,0.176,0.198,0,0.833,0.257,0.054,0.052,0.037,8.167,2.203379,-9.002789,5,6,6,6
11,1243,751,0,0.015,0,0,0.037,0.141,0.329,0,0.46,0.25,0.051,0.053,0.027,5.927,-55.241295,2.4683983,5,6,6,6
11,1271,375,0,0,0,0.0001054,0.056,0.196,0.322,0.001,0.756,0.25,0.072,0.082,2.829,8.918,1.7094147,-4.736495,5,6,6,6
11,1288,281,0,0,0,0,0.032,0.238,0.253,0,0.825,0.272,0.072,0.414,0.039,4.828,2.4611225,-10.7130995,5,6,6,6
11,1406,154,0,0,0.042,0.0006391,0.086,0.123,0.252,0.018,1.542,0.331,0.059,0.087,0.045,5.895,33.77525,-0.9323793,5,6,6,6
11,1447,250,0,3.52E-05,0.012,0,0.009,0.121,0.298,0.005,0.44,0.229,0.05,0.068,0.327,8.89,-54.919834,2.9788816,5,6,6,6
11,1498,86,0,0,0,0.126,0.054,0.217,0.31,0,3.629,0.297,0.079,0.307,0.262,7.676,45.003323,39.82663,5,6,4,6
11,1501,423,0,0,0.000668,0,0.04,0.181,0.27,0.003,0.541,0.284,0.063,0.108,0.109,14.814,-33.162754,-0.3667614,5,6,6,6
11,1534,289,0,0,0,0,0.016,0.207,0.242,0.001,0.51,0.246,0.061,0.747,0.041,5.269,-36.136627,1.5008317,5,6,6,6
11,1540,66,0,0,0,0,0.093,0.198,0.298,0,0.452,0.299,0.059,0.562,0.027,5.243,-40.159912,2.861033,5,6,5,6
11,1561,262,0,0,0.056,0,0.043,0.15,0.205,0.025,0.779,0.272,0.047,0.051,0.052,7.492,-1.888429,-9.979261,5,6,6,6
11,1591,162,0,0,0.016,2.35E-05,0.023,0.176,0.418,0.016,0.818,0.269,0.066,0.152,0.095,9.054,-5.2135167,-24.473377,5,6,6,6
11,1607,192,0,0,5.91E-05,0,0.044,0.179,0.291,0,0.627,0.281,0.062,0.071,0.076,17.351,-20.384375,-9.697312,5,6,6,6
11,1620,134,0,0,0,0,0.027,0.144,0.274,0,0.635,0.261,0.046,0.063,0.041,9.005,-18.231867,-5.5034347,5,6,6,6
11,1679,174,0,0,7.25E-06,0,0.051,0.174,0.219,0.003,0.426,0.275,0.062,0.049,0.064,11.226,-40.45106,1.2834212,5,6,6,6
11,1685,54,0,0,0.000187,0,0.002,0.21,0.215,0.006,0.39,0.234,0.053,0.071,0.043,15.035,-39.42109,12.053908,5,6,6,6
11,1690,105,0,0,0,0,0.019,0.246,0.224,0,0.398,0.244,0.075,0.539,0.06,6.221,-37.611874,9.239471,5,6,6,6
11,1700,134,0,0,0,0,0.096,0.26,0.286,0,0.574,0.293,0.08,0.652,0.146,8.765,-20.554667,-15.46805,5,5,5,6
11,1711,168,0,0,0,0,0.0006445,0.121,0.198,0,0.377,0.222,0.047,0.141,0.052,4.792,-52.529747,12.834046,5,6,6,6
11,1722,154,0,0,0,0,0.042,0.315,0.262,0,0.514,0.274,0.09,0.414,0.042,10.536,-33.29068,6.2256,5,6,6,6
11,1731,136,0,0,0,0,0.084,0.231,0.302,0,0.512,0.326,0.083,0.041,0.074,12.987,-41.696804,-18.546045,5,6,6,6
11,1733,222,0,0,0,0,0.079,0.176,0.212,0,0.476,0.301,0.066,0.166,0.047,5.214,-40.671265,-7.42089,5,6,6,6
11,1765,223,0,0,0,0,0.073,0.268,0.284,0,0.715,0.303,0.084,0.421,0.067,7.232,-11.449766,-16.996548,5,6,6,6
11,1814,296,0,0.0001786,0,0,0.062,0.306,0.402,0,0.85,0.282,0.095,0.344,0.08,8.373,2.689888,-3.3858325,5,6,6,6
11,1821,145,0,0,0,5.58E-05,0.058,0.177,0.287,0,0.759,0.434,0.084,0.078,0.046,10.325,-1.1212013,-30.513863,5,6,6,6
11,1837,170,0,0,0.001,0.0008261,0.007,0.163,0.249,0.003,1.271,0.291,0.053,0.06,0.035,6.625,24.937918,-4.3986983,5,6,6,6
11,1839,187,0,0,5.40E-05,0,0.008,0.197,0.209,0.005,0.427,0.275,0.06,0.057,0.04,17.324,-40.267197,0.79466844,5,6,6,6
11,1847,136,0,0,0,0,0.006,0.313,0.278,0,0.456,0.233,0.067,0.66,0.03,8.938,-34.938347,7.403207,5,6,6,6
11,1853,153,0,0,0,4.13E-05,0.003,0.223,0.246,0,0.599,0.297,0.061,0.066,0.04,12.56,-19.027018,-14.452376,5,6,6,6
11,1867,265,0,0,0,0,0.061,0.292,0.249,0,0.667,0.265,0.082,0.043,0.051,10.036,-16.081978,-16.164095,5,6,6,6
11,1880,611,0,0,0,0,0.079,0.226,0.266,0,0.524,0.26,0.067,1.065,0.041,6.848,-34.815346,1.1870769,5,6,6,6
11,1902,189,0,0,0,0,0.0004572,0.148,0.236,0,0.426,0.279,0.054,0.044,0.049,5.13,-55.370754,5.7821198,5,6,6,6
11,1905,245,0,0,0,0,5.69E-05,0.148,0.207,0,0.371,0.237,0.051,0.044,0.065,8.558,-53.33993,13.168848,5,6,6,6
11,1927,218,0,0,1.16E-05,0,1.74E-05,0.15,0.212,0,0.369,0.218,0.047,0.025,0.1,7.226,-52.27887,13.745026,5,6,6,6
11,1951,323,0,0,0.062,0,0.032,0.13,0.258,0.034,0.484,0.386,0.067,0.092,0.068,6.539,-51.244705,-16.04763,5,6,6,6
11,1959,237,0,0,1.07E-05,0,0.02,0.178,0.285,0.001,0.475,0.331,0.07,0.07,0.106,13.552,-42.581318,-17.185062,5,6,6,6
11,1973,201,0,0,0.003,0,7.94E-05,0.149,0.265,0.002,0.275,0.221,0.046,0.038,0.104,4.383,-54.259274,16.334894,5,6,6,6
11,1979,358,0,0,0,0,0.087,0.078,0.156,0.001,0.224,0.283,0.043,0.086,0.109,3.19,-56.671078,17.293894,5,6,5,6
11,1991,205,0,0,0,0,0.061,0.155,0.234,0,0.469,0.464,0.076,0.064,0.038,4.834,-49.989117,-21.564182,5,6,6,6
11,2006,317,0,3.99E-06,0.0001222,0,0.003,0.167,0.401,0.001,0.334,0.264,0.065,0.084,7.341,11.852,-57.573524,2.942606,5,6,6,6
11,2016,188,6.73E-06,0,0,2.69E-05,0.076,0.253,0.261,0,0.823,0.306,0.078,0.224,0.052,9.342,2.6145217,-11.161092,5,6,6,6
11,2022,344,0,0,0,2.20E-05,0.065,0.155,0.228,0,0.855,0.256,0.053,0.055,0.039,8.4,3.3635192,-8.455733,5,6,6,6
11,2037,198,0,0,0,0,0.068,0.151,0.187,0,0.392,0.28,0.052,0.048,0.036,9.42,-55.853962,9.286742,5,6,6,6
11,2075,164,0,0,0,0,0.037,0.242,0.306,0,0.442,0.261,0.068,1.37,0.033,6.098,-38.760765,6.6887016,5,6,6,6
11,2106,103,0,0,0,0,0.0005967,0.196,0.197,0.001,0.324,0.23,0.05,1.22,0.049,6.829,-53.72757,16.002972,5,6,6,6
11,2114,209,0,0,0,0,0.078,0.204,0.323,0,0.486,0.342,0.087,0.064,0.065,7.448,-42.549675,-18.369833,5,6,6,6
11,2119,259,0,0.023,0,0,0.095,0.291,0.673,0,0.323,0.41,0.094,1.602,0.039,4.581,-7.934025,27.626299,5,5,5,6
11,2180,218,0,5.81E-06,0,0,0.004,0.214,0.254,0,0.418,0.243,0.063,0.564,0.032,4.482,-39.146378,8.273773,5,6,6,6
11,2195,349,7.24E-06,0,0,0,0.064,0.261,0.237,0,0.503,0.37,0.103,0.364,0.052,7.196,-40.176487,-21.087568,5,6,6,6
11,2202,181,0,0,0,0,0.071,0.118,0.213,0,0.34,0.295,0.057,0.076,0.035,4.042,-56.118458,12.886744,5,6,6,6
11,2262,343,0,4.05E-05,0.0001185,0,0.001,0.167,0.343,0.002,0.601,0.207,0.05,0.081,0.163,10.607,-11.387432,3.619042,5,6,6,6
11,2300,243,0,0,0,0,0.045,0.194,0.179,0,0.289,0.297,0.063,0.135,0.058,4.603,-56.28711,15.426211,5,6,6,6
11,2308,171,0,0,0,0,0.025,0.185,0.244,0,0.474,0.227,0.058,0.038,0.495,7.486,-37.797142,2.460947,5,6,6,6
11,2333,290,0,0,0.004,0,0.047,0.198,0.179,0.012,0.619,0.28,0.053,0.06,0.033,11.212,-16.759317,-10.6269865,5,6,6,6
11,2362,407,0,0,0,0,8.35E-05,0.165,0.221,0,0.378,0.221,0.049,0.046,0.042,8.706,-51.777046,13.694437,5,6,6,6
11,2393,260,0.0001306,0,0.000542,4.87E-06,0.003,0.293,0.295,0.001,0.646,0.271,0.069,0.072,0.059,11.182,-17.149498,-16.201252,5,6,6,6
11,2428,179,0,0,0,0,0.092,0.225,0.241,0.001,0.412,0.353,0.079,0.066,0.065,14.588,-42.22837,-2.561338,5,6,5,6
11,2459,292,0,0,1.73E-05,0,0.058,0.294,0.244,0,0.403,0.267,0.077,0.73,0.041,11.044,-36.819576,8.639681,5,6,6,6
11,2472,361,0,0,4.19E-05,3.51E-06,0.042,0.222,0.216,0,0.49,0.283,0.064,0.089,0.033,7.129,-38.115746,-0.8817757,5,6,6,6
11,2545,200,0,0,0,0,0.067,0.316,0.246,0,0.36,0.276,0.074,0.079,0.062,8.829,-36.616627,9.197344,5,6,6,6
11,2564,135,0,0,0,0,0.072,0.174,0.215,0,0.443,0.37,0.065,0.042,0.051,4.643,-54.506443,-11.969538,5,6,6,6
11,2584,164,0,0,0,0.073,0.026,0.221,0.279,0,1.619,0.261,0.077,0.117,0.051,8.374,34.416275,1.2323626,5,6,6,6
11,2599,140,0,0,0,0,0.038,0.139,0.189,0,0.294,0.327,0.057,0.146,0.094,8.627,-56.944706,15.215699,5,6,6,6
11,2612,45,0,0,0,0,0.098,0.13,0.19,0,0.513,0.289,0.067,0.1,0.036,8.703,-47.236877,-6.0925403,5,5,5,6
11,2623,100,0,0,0,0,0.014,0.218,0.238,0,0.612,0.242,0.077,0.1,0.042,8.92,-17.511162,-13.530472,5,6,6,6
11,2631,55,0,0,0,0,0.038,0.161,0.243,0,0.831,0.301,0.061,0.158,0.031,4.41,1.1567177,-10.002923,5,6,6,6
11,2647,63,0,0,0,0,0.037,0.284,0.278,0,0.443,0.296,0.08,0.045,0.061,12.405,-37.984657,6.8998804,5,6,6,6
12,289,103,0,0,2.45E-05,0,0.017,0.3,0.258,0,0.887,0.203,0.065,0.055,0.1,15.013,1.67698,5.0099397,5,6,6,6
12,370,141,0,0,0.004,3.59E-05,0.029,0.253,0.243,0,0.981,0.222,0.071,0.136,0.053,14.879,11.504395,-9.346055,5,6,6,6
12,450,153,0,0,0,0,0.07,0.178,0.16,0,0.554,0.211,0.046,0.127,0.036,6.591,-33.36485,-3.3068027,5,6,6,6
12,484,272,0,0,0.005,0.059,0.035,0.295,0.235,0,2.787,0.191,0.054,0.099,0.131,18.532,40.68378,28.014027,5,6,6,6
12,496,406,0,0,3.42E-05,0.0008311,0.081,0.14,0.259,0.001,0.679,0.218,0.056,0.108,2.627,5.768,-10.313169,0.12049877,5,6,6,6
12,533,97,0,0,0,0,0.052,0.109,0.221,0,0.706,0.242,0.052,0.105,0.275,8.512,-7.185693,-3.5324621,5,6,6,6
12,614,298,0,0,0.0003408,0,0.096,0.194,0.277,0.001,0.671,0.226,0.066,0.117,2.979,4.401,-10.897737,1.3913378,5,5,5,6
12,768,365,0,0,0.0001165,0,0.005,0.18,0.285,0.001,0.463,0.161,0.056,0.16,3.187,6.659,-23.548998,22.55233,5,6,6,6
12,774,1254,0,0,0.003,0.008,0.047,0.131,0.299,0.002,0.794,0.198,0.051,0.102,3.306,5.523,0.92085326,-2.8193586,5,6,6,6
12,800,167,0,0,0.0001175,0,0.007,0.19,0.267,0.001,0.417,0.17,0.059,0.151,3.177,6.761,-40.498077,10.683704,5,6,6,6
12,801,763,0,0,4.16E-05,4.96E-06,0.011,0.164,0.282,0,0.562,0.185,0.053,0.185,2.969,6.525,-20.207676,20.914091,5,6,6,6
12,825,199,0,0.003,5.08E-05,0,0.059,0.155,0.298,0,0.7,0.223,0.056,0.11,0.037,8.953,-9.8996315,1.3261179,5,6,6,6
12,837,107,0,0,5.60E-05,0,0.028,0.128,0.245,0.001,0.593,0.21,0.055,0.087,2.546,4.299,-20.878017,3.662351,5,6,6,6
12,854,87,0,0.001,0,0,0.06,0.16,0.31,0,0.54,0.213,0.042,0.094,0.02,5.16,-28.920433,4.139803,5,6,6,6
12,889,559,0,3.28E-05,0.0001389,0.026,0.066,0.17,0.235,0.001,1.683,0.209,0.05,0.173,0.684,5.758,34.956703,3.6709616,5,6,6,6
12,921,682,0,0,0,0,0.095,0.158,0.162,0,0.541,0.213,0.05,0.112,0.035,9.874,-33.57817,-3.2211525,5,5,5,6
12,953,241,0,0.004,0.007,0,0.076,0.127,0.434,0.024,0.536,0.224,0.053,0.083,0.096,10.615,-8.633754,7.2529645,5,6,6,6
12,989,171,0,0,0,0.045,0.087,0.176,0.183,0,1.299,0.214,0.05,0.171,0.044,6.319,24.70179,-1.5253297,5,6,5,6
12,1017,76,0,0,0,0,0.01,0.159,0.153,0.002,0.466,0.188,0.049,0.18,0.047,5.938,-34.116627,16.11787,5,6,6,6
12,1030,144,0,7.95E-05,0.014,0,0.011,0.111,0.322,0.01,0.39,0.203,0.038,0.099,0.035,6.329,-56.74901,2.76422,5,6,6,6
12,1074,73,0,0,0,0,0.004,0.292,0.196,0.002,0.515,0.217,0.074,0.395,0.068,8.277,-34.61871,5.2247934,5,6,6,6
12,1125,173,0,0,0,0,0.073,0.13,0.191,0.001,0.654,0.221,0.047,0.066,0.054,15.368,-15.733846,0.7922345,5,6,6,6
12,1134,302,0,0,0,0,0.095,0.188,0.163,0,0.507,0.225,0.053,0.123,0.029,7.762,-34.964764,-2.9470212,5,5,5,6
12,1151,246,0,0,0,0,0.086,0.173,0.219,0,0.687,0.223,0.065,0.048,0.042,14.866,-11.393473,0.23643093,5,6,6,6
12,1274,186,0,0,0.0001272,4.08E-05,0.037,0.196,0.287,0,0.696,0.199,0.064,0.202,3.603,6.169,-10.325936,1.4353101,5,6,6,6
12,1325,134,0,0,0,0,0.082,0.208,0.174,0,0.495,0.222,0.06,0.196,0.035,8.957,-35.470768,-2.5577736,5,6,6,6
12,1372,53,0,0,0,0,0.064,0.249,0.19,0,0.449,0.22,0.055,0.958,0.217,8.659,-36.46954,6.32929,5,6,6,6
12,1382,289,0,0,0,0.028,0.095,0.17,0.184,0,1.611,0.223,0.052,0.067,0.041,8.208,33.891315,2.0943317,5,5,5,6
12,1466,468,0,0,2.70E-05,0.013,0.086,0.179,0.201,0,1.088,0.211,0.054,0.085,0.104,7.549,17.402416,-5.267249,5,6,6,6
12,1482,676,0,0.01,7.29E-05,0.051,0.089,0.173,0.296,0,1.442,0.224,0.05,0.096,0.036,8.908,28.868332,-0.5885029,5,6,5,6
12,1501,361,0,0,3.50E-06,0.0003521,0.093,0.171,0.217,0,0.643,0.225,0.052,0.094,0.027,11.699,-12.3721075,0.88639116,5,6,5,6
12,1528,209,0,0,0,0.000353,0.043,0.168,0.186,0,0.723,0.194,0.05,0.073,0.032,11.779,-2.9976878,-1.3741407,5,6,6,6
12,1529,412,0,0.008,0.0001934,0,0.07,0.193,0.34,0,0.628,0.208,0.058,0.148,2.092,4.946,-11.17091,3.3905866,5,6,6,6
12,1537,458,0,0,0,0,0.074,0.196,0.177,0,0.516,0.212,0.057,0.181,0.238,6.586,-34.686024,-2.8220434,5,6,6,6
12,1598,203,0,0,2.49E-05,0,0.088,0.298,0.185,0,0.479,0.204,0.065,0.589,0.034,9.11,-35.28525,5.9101276,5,6,5,6
12,1624,434,0,0,2.92E-06,0,0.018,0.172,0.149,0,0.438,0.169,0.051,0.119,0.044,6.232,-32.239353,22.128675,5,6,6,6
12,1680,711,0,4.75E-06,0.0003834,0.005,0.092,0.195,0.312,0.001,0.809,0.225,0.059,0.086,2.735,7.306,2.1579902,-4.789196,5,6,5,6
12,1761,88,0,0,0,0.208,0.064,0.195,0.26,0,5.562,0.22,0.044,0.17,1.292,7.303,62.55483,22.24478,5,6,4,6
12,1772,85,0,0,0,0,0.095,0.292,0.341,0,0.445,0.249,0.073,1.963,2.374,5.417,-38.32248,6.832189,5,5,5,6
12,1783,588,0,0,0.002,0.004,0.093,0.151,0.31,0.002,0.738,0.238,0.065,0.072,6.042,6.26,-8.727132,1.3560718,5,6,5,6
12,1811,143,0,0,0.0002403,0.005,0.076,0.103,0.291,0,2.641,0.231,0.034,0.094,3.452,9.707,38.739117,25.638453,5,6,6,6
12,2023,182,0,0,0,0.003,0.091,0.218,0.186,0,0.776,0.234,0.057,0.143,0.033,8.998,-2.1901634,-0.8773971,5,6,5,6
12,2052,230,0,0,7.33E-06,0.0009574,0.065,0.142,0.183,0,0.615,0.253,0.041,0.062,0.043,6.489,-19.081524,-0.3485195,5,6,6,6
12,2116,326,0,5.88E-05,8.40E-05,0,0.069,0.188,0.344,0.001,0.507,0.228,0.056,0.157,0.051,4.005,-32.71323,2.0136385,5,6,6,6
12,2162,505,0,0,0,0,0.029,0.157,0.117,0,0.349,0.189,0.036,0.125,0.028,4.054,-43.98936,21.946507,5,6,6,6
12,2180,69,0,0.008,1.83E-05,0,0.035,0.286,0.399,0,0.397,0.193,0.073,0.248,0.046,9.042,-22.612335,34.32503,5,6,6,6
12,2199,253,0,0,9.99E-06,0,0.057,0.18,0.155,0.001,0.421,0.223,0.056,0.192,0.039,4.45,-44.228313,10.427794,5,6,6,6
12,2315,162,0,0,0,0,0.072,0.158,0.275,0,0.499,0.215,0.058,0.05,1.185,5.211,-35.68792,2.7950878,5,6,6,6
12,2330,56,0,0,0.005,0,0,0.247,0.134,0,0.426,0.135,0.048,0.235,0.029,8.836,-30.71896,24.639603,5,6,6,6
12,2363,39,0,0,0.0002586,0,0.058,0.183,0.243,0,0.686,0.24,0.054,0.25,2.999,5.265,-11.186971,0.38966274,5,6,6,6
12,2392,73,0,0,8.64E-05,0,0.069,0.298,0.197,0,0.388,0.223,0.065,0.715,0.046,9.766,-36.631443,9.935726,5,6,6,6
12,2392,73,1,1,1,1,1,6,18,1.5,30,1.5,1,1,1,1,1,1,5,6,6,6